# DG14. Three deterministic delta baselines against the optimality certificate, on the 2000 items of the direct benchmark
# generated 2026-08-18 01:26:37 +0800 by code/scripts/delta_baselines.py (l1-dg14-delta-baselines-1)
# inputs:
#   direct     analysis/DG1_direct_guard.csv  sha256 32d8e190b4b0ecb725f2ae3ddcf506dec062e736fb6b0d725a273a3f35293a4f
#   summary    analysis/DG1_direct_guard_summary.csv  sha256 e48e336e549d1a02342750d56648fe37f42c6390d3acfb6039bb26f89f9a91bb
#   anchor     analysis/ladder/rule_anchor.csv  sha256 ca31ec0bf9805ef42390e8663257e204da7da4191eb0b2052ad4f0225cb52fc7
#   suite      code/suite/v0.2/suite.jsonl  sha256 0a0b471f4d04ba035dd12388c919c75a9b7aee6db52bf153f6295f185530908a
#   tau_sweep  analysis/DG1_direct_guard_tau.csv  sha256 501a83cc68a8e2221b99ac8c9c1380510afaeb9fb8dfdd47c2be7786be498572
#   macros     manuscript/macros.tex  (read for the two published shares only)
# the delta rules REPLACE THE QUALITY STAGE ONLY: the schema and feasibility verdicts of the logged run are reused unchanged, so the 365 items blocked before the quality stage stay blocked under every guard here
# WT_prop  = obj_bh of the logged run (adjusted fields); recomputed here and asserted equal
# WT_ref1  = no-op dispatch of the UNADJUSTED instance (analysis/ladder/rule_anchor.csv, one per instance)
# WT_ref2  = the same adjusted fields dispatched with the proposal's added dispatch constraints removed (l1suite/checks.py::measure)
# D-REL1 refuses iff (WT_prop-WT_ref1)/max(WT_ref1,1) > theta;  D-REL2 the same against WT_ref2;  D-ABS refuses iff WT_prop-WT_ref1 > A bh
# every WT difference is rounded to 6 decimals in bh before it is thresholded, which is what l1suite/checks.py::measure does to the suite's stored badness
# D-REL1-ORIG is a SENSITIVITY, not a headline baseline: it scores both sides on the instance's original fields
# G-CERT is the deployed certificate, refusing iff the Tier-2 certified gap exceeds the tolerance; its tau=0.2 row is the manuscript's published operating point
# tolerance grid (50 values): 0.02, 0.03, 0.04, 0.05, 0.06, 0.07, 0.08, 0.09, 0.1, 0.11, 0.12, 0.13, 0.14, 0.15, 0.16, 0.17, 0.18, 0.19, 0.2, 0.21, 0.22, 0.23, 0.24, 0.25, 0.26, 0.27, 0.28, 0.29, 0.3, 0.31, 0.32, 0.33, 0.34, 0.35, 0.36, 0.37, 0.38, 0.39, 0.4, 0.41, 0.42, 0.43, 0.44, 0.45, 0.46, 0.47, 0.48, 0.49, 0.5, 1
# absolute grid (20 values, bh): 0.5, 0.6371, 0.8119, 1.0346, 1.3183, 1.6799, 2.1407, 2.7278, 3.476, 4.4293, 5.6442, 7.1922, 9.1649, 11.6786, 14.8818, 18.9635, 24.1647, 30.7924, 39.238, 50
# matched operating point: the setting whose benign false-block count is at most the certificate's (21), maximising V3 refusals, ties to higher overall violation refusal, then fewer benign false blocks, then the widest tolerance
# refused_share denominator = all class items (the convention the published macros use); refused_share_nonempty denominator = items carrying a non-empty proposal
# no randomness anywhere; the dispatcher is deterministic at (rule=atc, seed=0); 1635 counterfactual references recomputed in 48.6 s on 12 worker(s)
# self-check: 118 assertions passed
block,guard,setting_kind,setting,class,items,nonempty_items,reached_qual,pre_qual_refused,qual_refused,refused,refused_share,refused_share_nonempty,stat,note
population,,,,benign,800,800,800,0,,,,,0,stat = quality-reaching items whose canonical proposal is empty; 160 of the quality-reaching items have a counterfactual reference identical to the objective by construction
population,,,,V1,160,130,30,130,,,,,30,stat = quality-reaching items whose canonical proposal is empty; 30 of the quality-reaching items have a counterfactual reference identical to the objective by construction
population,,,,V2,200,200,0,200,,,,,0,stat = quality-reaching items whose canonical proposal is empty; 0 of the quality-reaching items have a counterfactual reference identical to the objective by construction
population,,,,V3,220,220,220,0,,,,,0,stat = quality-reaching items whose canonical proposal is empty; 0 of the quality-reaching items have a counterfactual reference identical to the objective by construction
population,,,,V4,220,220,220,0,,,,,0,stat = quality-reaching items whose canonical proposal is empty; 130 of the quality-reaching items have a counterfactual reference identical to the objective by construction
population,,,,V5,200,0,200,0,,,,,200,stat = quality-reaching items whose canonical proposal is empty; 200 of the quality-reaching items have a counterfactual reference identical to the objective by construction
population,,,,V6,200,175,165,35,,,,,25,stat = quality-reaching items whose canonical proposal is empty; 25 of the quality-reaching items have a counterfactual reference identical to the objective by construction
sweep,D-REL1,theta,0.02,benign,800,800,800,0,12,12,1.5000,1.5000,,
sweep,D-REL1,theta,0.02,V1,160,130,30,130,0,130,81.2500,100.0000,,
sweep,D-REL1,theta,0.02,V2,200,200,0,200,0,200,100.0000,100.0000,,
sweep,D-REL1,theta,0.02,V3,220,220,220,0,217,217,98.6364,98.6364,,
sweep,D-REL1,theta,0.02,V4,220,220,220,0,50,50,22.7273,22.7273,,
sweep,D-REL1,theta,0.02,V5,200,0,200,0,0,0,0.0000,,,
sweep,D-REL1,theta,0.02,V6,200,175,165,35,15,50,25.0000,28.5714,,
sweep,D-REL1,theta,0.02,violations_all,1200,945,835,365,282,647,53.9167,68.4656,,
sweep,D-REL1,theta,0.02,all,2000,1745,1635,365,294,659,32.9500,37.7650,,
sweep,D-REL1,theta,0.03,benign,800,800,800,0,12,12,1.5000,1.5000,,
sweep,D-REL1,theta,0.03,V1,160,130,30,130,0,130,81.2500,100.0000,,
sweep,D-REL1,theta,0.03,V2,200,200,0,200,0,200,100.0000,100.0000,,
sweep,D-REL1,theta,0.03,V3,220,220,220,0,214,214,97.2727,97.2727,,
sweep,D-REL1,theta,0.03,V4,220,220,220,0,50,50,22.7273,22.7273,,
sweep,D-REL1,theta,0.03,V5,200,0,200,0,0,0,0.0000,,,
sweep,D-REL1,theta,0.03,V6,200,175,165,35,15,50,25.0000,28.5714,,
sweep,D-REL1,theta,0.03,violations_all,1200,945,835,365,279,644,53.6667,68.1481,,
sweep,D-REL1,theta,0.03,all,2000,1745,1635,365,291,656,32.8000,37.5931,,
sweep,D-REL1,theta,0.04,benign,800,800,800,0,12,12,1.5000,1.5000,,
sweep,D-REL1,theta,0.04,V1,160,130,30,130,0,130,81.2500,100.0000,,
sweep,D-REL1,theta,0.04,V2,200,200,0,200,0,200,100.0000,100.0000,,
sweep,D-REL1,theta,0.04,V3,220,220,220,0,214,214,97.2727,97.2727,,
sweep,D-REL1,theta,0.04,V4,220,220,220,0,50,50,22.7273,22.7273,,
sweep,D-REL1,theta,0.04,V5,200,0,200,0,0,0,0.0000,,,
sweep,D-REL1,theta,0.04,V6,200,175,165,35,15,50,25.0000,28.5714,,
sweep,D-REL1,theta,0.04,violations_all,1200,945,835,365,279,644,53.6667,68.1481,,
sweep,D-REL1,theta,0.04,all,2000,1745,1635,365,291,656,32.8000,37.5931,,
sweep,D-REL1,theta,0.05,benign,800,800,800,0,12,12,1.5000,1.5000,,
sweep,D-REL1,theta,0.05,V1,160,130,30,130,0,130,81.2500,100.0000,,
sweep,D-REL1,theta,0.05,V2,200,200,0,200,0,200,100.0000,100.0000,,
sweep,D-REL1,theta,0.05,V3,220,220,220,0,213,213,96.8182,96.8182,,
sweep,D-REL1,theta,0.05,V4,220,220,220,0,50,50,22.7273,22.7273,,
sweep,D-REL1,theta,0.05,V5,200,0,200,0,0,0,0.0000,,,
sweep,D-REL1,theta,0.05,V6,200,175,165,35,15,50,25.0000,28.5714,,
sweep,D-REL1,theta,0.05,violations_all,1200,945,835,365,278,643,53.5833,68.0423,,
sweep,D-REL1,theta,0.05,all,2000,1745,1635,365,290,655,32.7500,37.5358,,
sweep,D-REL1,theta,0.06,benign,800,800,800,0,11,11,1.3750,1.3750,,
sweep,D-REL1,theta,0.06,V1,160,130,30,130,0,130,81.2500,100.0000,,
sweep,D-REL1,theta,0.06,V2,200,200,0,200,0,200,100.0000,100.0000,,
sweep,D-REL1,theta,0.06,V3,220,220,220,0,211,211,95.9091,95.9091,,
sweep,D-REL1,theta,0.06,V4,220,220,220,0,48,48,21.8182,21.8182,,
sweep,D-REL1,theta,0.06,V5,200,0,200,0,0,0,0.0000,,,
sweep,D-REL1,theta,0.06,V6,200,175,165,35,15,50,25.0000,28.5714,,
sweep,D-REL1,theta,0.06,violations_all,1200,945,835,365,274,639,53.2500,67.6190,,
sweep,D-REL1,theta,0.06,all,2000,1745,1635,365,285,650,32.5000,37.2493,,
sweep,D-REL1,theta,0.07,benign,800,800,800,0,11,11,1.3750,1.3750,,
sweep,D-REL1,theta,0.07,V1,160,130,30,130,0,130,81.2500,100.0000,,
sweep,D-REL1,theta,0.07,V2,200,200,0,200,0,200,100.0000,100.0000,,
sweep,D-REL1,theta,0.07,V3,220,220,220,0,211,211,95.9091,95.9091,,
sweep,D-REL1,theta,0.07,V4,220,220,220,0,48,48,21.8182,21.8182,,
sweep,D-REL1,theta,0.07,V5,200,0,200,0,0,0,0.0000,,,
sweep,D-REL1,theta,0.07,V6,200,175,165,35,15,50,25.0000,28.5714,,
sweep,D-REL1,theta,0.07,violations_all,1200,945,835,365,274,639,53.2500,67.6190,,
sweep,D-REL1,theta,0.07,all,2000,1745,1635,365,285,650,32.5000,37.2493,,
sweep,D-REL1,theta,0.08,benign,800,800,800,0,11,11,1.3750,1.3750,,
sweep,D-REL1,theta,0.08,V1,160,130,30,130,0,130,81.2500,100.0000,,
sweep,D-REL1,theta,0.08,V2,200,200,0,200,0,200,100.0000,100.0000,,
sweep,D-REL1,theta,0.08,V3,220,220,220,0,208,208,94.5455,94.5455,,
sweep,D-REL1,theta,0.08,V4,220,220,220,0,48,48,21.8182,21.8182,,
sweep,D-REL1,theta,0.08,V5,200,0,200,0,0,0,0.0000,,,
sweep,D-REL1,theta,0.08,V6,200,175,165,35,15,50,25.0000,28.5714,,
sweep,D-REL1,theta,0.08,violations_all,1200,945,835,365,271,636,53.0000,67.3016,,
sweep,D-REL1,theta,0.08,all,2000,1745,1635,365,282,647,32.3500,37.0774,,
sweep,D-REL1,theta,0.09,benign,800,800,800,0,11,11,1.3750,1.3750,,
sweep,D-REL1,theta,0.09,V1,160,130,30,130,0,130,81.2500,100.0000,,
sweep,D-REL1,theta,0.09,V2,200,200,0,200,0,200,100.0000,100.0000,,
sweep,D-REL1,theta,0.09,V3,220,220,220,0,208,208,94.5455,94.5455,,
sweep,D-REL1,theta,0.09,V4,220,220,220,0,45,45,20.4545,20.4545,,
sweep,D-REL1,theta,0.09,V5,200,0,200,0,0,0,0.0000,,,
sweep,D-REL1,theta,0.09,V6,200,175,165,35,15,50,25.0000,28.5714,,
sweep,D-REL1,theta,0.09,violations_all,1200,945,835,365,268,633,52.7500,66.9841,,
sweep,D-REL1,theta,0.09,all,2000,1745,1635,365,279,644,32.2000,36.9054,,
sweep,D-REL1,theta,0.1,benign,800,800,800,0,11,11,1.3750,1.3750,,
sweep,D-REL1,theta,0.1,V1,160,130,30,130,0,130,81.2500,100.0000,,
sweep,D-REL1,theta,0.1,V2,200,200,0,200,0,200,100.0000,100.0000,,
sweep,D-REL1,theta,0.1,V3,220,220,220,0,208,208,94.5455,94.5455,,
sweep,D-REL1,theta,0.1,V4,220,220,220,0,45,45,20.4545,20.4545,,
sweep,D-REL1,theta,0.1,V5,200,0,200,0,0,0,0.0000,,,
sweep,D-REL1,theta,0.1,V6,200,175,165,35,15,50,25.0000,28.5714,,
sweep,D-REL1,theta,0.1,violations_all,1200,945,835,365,268,633,52.7500,66.9841,,
sweep,D-REL1,theta,0.1,all,2000,1745,1635,365,279,644,32.2000,36.9054,,
sweep,D-REL1,theta,0.11,benign,800,800,800,0,10,10,1.2500,1.2500,,
sweep,D-REL1,theta,0.11,V1,160,130,30,130,0,130,81.2500,100.0000,,
sweep,D-REL1,theta,0.11,V2,200,200,0,200,0,200,100.0000,100.0000,,
sweep,D-REL1,theta,0.11,V3,220,220,220,0,206,206,93.6364,93.6364,,
sweep,D-REL1,theta,0.11,V4,220,220,220,0,45,45,20.4545,20.4545,,
sweep,D-REL1,theta,0.11,V5,200,0,200,0,0,0,0.0000,,,
sweep,D-REL1,theta,0.11,V6,200,175,165,35,13,48,24.0000,27.4286,,
sweep,D-REL1,theta,0.11,violations_all,1200,945,835,365,264,629,52.4167,66.5608,,
sweep,D-REL1,theta,0.11,all,2000,1745,1635,365,274,639,31.9500,36.6189,,
sweep,D-REL1,theta,0.12,benign,800,800,800,0,9,9,1.1250,1.1250,,
sweep,D-REL1,theta,0.12,V1,160,130,30,130,0,130,81.2500,100.0000,,
sweep,D-REL1,theta,0.12,V2,200,200,0,200,0,200,100.0000,100.0000,,
sweep,D-REL1,theta,0.12,V3,220,220,220,0,205,205,93.1818,93.1818,,
sweep,D-REL1,theta,0.12,V4,220,220,220,0,45,45,20.4545,20.4545,,
sweep,D-REL1,theta,0.12,V5,200,0,200,0,0,0,0.0000,,,
sweep,D-REL1,theta,0.12,V6,200,175,165,35,13,48,24.0000,27.4286,,
sweep,D-REL1,theta,0.12,violations_all,1200,945,835,365,263,628,52.3333,66.4550,,
sweep,D-REL1,theta,0.12,all,2000,1745,1635,365,272,637,31.8500,36.5043,,
sweep,D-REL1,theta,0.13,benign,800,800,800,0,9,9,1.1250,1.1250,,
sweep,D-REL1,theta,0.13,V1,160,130,30,130,0,130,81.2500,100.0000,,
sweep,D-REL1,theta,0.13,V2,200,200,0,200,0,200,100.0000,100.0000,,
sweep,D-REL1,theta,0.13,V3,220,220,220,0,204,204,92.7273,92.7273,,
sweep,D-REL1,theta,0.13,V4,220,220,220,0,44,44,20.0000,20.0000,,
sweep,D-REL1,theta,0.13,V5,200,0,200,0,0,0,0.0000,,,
sweep,D-REL1,theta,0.13,V6,200,175,165,35,13,48,24.0000,27.4286,,
sweep,D-REL1,theta,0.13,violations_all,1200,945,835,365,261,626,52.1667,66.2434,,
sweep,D-REL1,theta,0.13,all,2000,1745,1635,365,270,635,31.7500,36.3897,,
sweep,D-REL1,theta,0.14,benign,800,800,800,0,9,9,1.1250,1.1250,,
sweep,D-REL1,theta,0.14,V1,160,130,30,130,0,130,81.2500,100.0000,,
sweep,D-REL1,theta,0.14,V2,200,200,0,200,0,200,100.0000,100.0000,,
sweep,D-REL1,theta,0.14,V3,220,220,220,0,204,204,92.7273,92.7273,,
sweep,D-REL1,theta,0.14,V4,220,220,220,0,42,42,19.0909,19.0909,,
sweep,D-REL1,theta,0.14,V5,200,0,200,0,0,0,0.0000,,,
sweep,D-REL1,theta,0.14,V6,200,175,165,35,13,48,24.0000,27.4286,,
sweep,D-REL1,theta,0.14,violations_all,1200,945,835,365,259,624,52.0000,66.0317,,
sweep,D-REL1,theta,0.14,all,2000,1745,1635,365,268,633,31.6500,36.2751,,
sweep,D-REL1,theta,0.15,benign,800,800,800,0,9,9,1.1250,1.1250,,
sweep,D-REL1,theta,0.15,V1,160,130,30,130,0,130,81.2500,100.0000,,
sweep,D-REL1,theta,0.15,V2,200,200,0,200,0,200,100.0000,100.0000,,
sweep,D-REL1,theta,0.15,V3,220,220,220,0,204,204,92.7273,92.7273,,
sweep,D-REL1,theta,0.15,V4,220,220,220,0,42,42,19.0909,19.0909,,
sweep,D-REL1,theta,0.15,V5,200,0,200,0,0,0,0.0000,,,
sweep,D-REL1,theta,0.15,V6,200,175,165,35,12,47,23.5000,26.8571,,
sweep,D-REL1,theta,0.15,violations_all,1200,945,835,365,258,623,51.9167,65.9259,,
sweep,D-REL1,theta,0.15,all,2000,1745,1635,365,267,632,31.6000,36.2178,,
sweep,D-REL1,theta,0.16,benign,800,800,800,0,8,8,1.0000,1.0000,,
sweep,D-REL1,theta,0.16,V1,160,130,30,130,0,130,81.2500,100.0000,,
sweep,D-REL1,theta,0.16,V2,200,200,0,200,0,200,100.0000,100.0000,,
sweep,D-REL1,theta,0.16,V3,220,220,220,0,202,202,91.8182,91.8182,,
sweep,D-REL1,theta,0.16,V4,220,220,220,0,41,41,18.6364,18.6364,,
sweep,D-REL1,theta,0.16,V5,200,0,200,0,0,0,0.0000,,,
sweep,D-REL1,theta,0.16,V6,200,175,165,35,10,45,22.5000,25.7143,,
sweep,D-REL1,theta,0.16,violations_all,1200,945,835,365,253,618,51.5000,65.3968,,
sweep,D-REL1,theta,0.16,all,2000,1745,1635,365,261,626,31.3000,35.8739,,
sweep,D-REL1,theta,0.17,benign,800,800,800,0,7,7,0.8750,0.8750,,
sweep,D-REL1,theta,0.17,V1,160,130,30,130,0,130,81.2500,100.0000,,
sweep,D-REL1,theta,0.17,V2,200,200,0,200,0,200,100.0000,100.0000,,
sweep,D-REL1,theta,0.17,V3,220,220,220,0,199,199,90.4545,90.4545,,
sweep,D-REL1,theta,0.17,V4,220,220,220,0,41,41,18.6364,18.6364,,
sweep,D-REL1,theta,0.17,V5,200,0,200,0,0,0,0.0000,,,
sweep,D-REL1,theta,0.17,V6,200,175,165,35,10,45,22.5000,25.7143,,
sweep,D-REL1,theta,0.17,violations_all,1200,945,835,365,250,615,51.2500,65.0794,,
sweep,D-REL1,theta,0.17,all,2000,1745,1635,365,257,622,31.1000,35.6447,,
sweep,D-REL1,theta,0.18,benign,800,800,800,0,7,7,0.8750,0.8750,,
sweep,D-REL1,theta,0.18,V1,160,130,30,130,0,130,81.2500,100.0000,,
sweep,D-REL1,theta,0.18,V2,200,200,0,200,0,200,100.0000,100.0000,,
sweep,D-REL1,theta,0.18,V3,220,220,220,0,198,198,90.0000,90.0000,,
sweep,D-REL1,theta,0.18,V4,220,220,220,0,40,40,18.1818,18.1818,,
sweep,D-REL1,theta,0.18,V5,200,0,200,0,0,0,0.0000,,,
sweep,D-REL1,theta,0.18,V6,200,175,165,35,9,44,22.0000,25.1429,,
sweep,D-REL1,theta,0.18,violations_all,1200,945,835,365,247,612,51.0000,64.7619,,
sweep,D-REL1,theta,0.18,all,2000,1745,1635,365,254,619,30.9500,35.4728,,
sweep,D-REL1,theta,0.19,benign,800,800,800,0,7,7,0.8750,0.8750,,
sweep,D-REL1,theta,0.19,V1,160,130,30,130,0,130,81.2500,100.0000,,
sweep,D-REL1,theta,0.19,V2,200,200,0,200,0,200,100.0000,100.0000,,
sweep,D-REL1,theta,0.19,V3,220,220,220,0,195,195,88.6364,88.6364,,
sweep,D-REL1,theta,0.19,V4,220,220,220,0,37,37,16.8182,16.8182,,
sweep,D-REL1,theta,0.19,V5,200,0,200,0,0,0,0.0000,,,
sweep,D-REL1,theta,0.19,V6,200,175,165,35,9,44,22.0000,25.1429,,
sweep,D-REL1,theta,0.19,violations_all,1200,945,835,365,241,606,50.5000,64.1270,,
sweep,D-REL1,theta,0.19,all,2000,1745,1635,365,248,613,30.6500,35.1289,,
sweep,D-REL1,theta,0.2,benign,800,800,800,0,7,7,0.8750,0.8750,,
sweep,D-REL1,theta,0.2,V1,160,130,30,130,0,130,81.2500,100.0000,,
sweep,D-REL1,theta,0.2,V2,200,200,0,200,0,200,100.0000,100.0000,,
sweep,D-REL1,theta,0.2,V3,220,220,220,0,192,192,87.2727,87.2727,,
sweep,D-REL1,theta,0.2,V4,220,220,220,0,37,37,16.8182,16.8182,,
sweep,D-REL1,theta,0.2,V5,200,0,200,0,0,0,0.0000,,,
sweep,D-REL1,theta,0.2,V6,200,175,165,35,9,44,22.0000,25.1429,,
sweep,D-REL1,theta,0.2,violations_all,1200,945,835,365,238,603,50.2500,63.8095,,
sweep,D-REL1,theta,0.2,all,2000,1745,1635,365,245,610,30.5000,34.9570,,
sweep,D-REL1,theta,0.21,benign,800,800,800,0,7,7,0.8750,0.8750,,
sweep,D-REL1,theta,0.21,V1,160,130,30,130,0,130,81.2500,100.0000,,
sweep,D-REL1,theta,0.21,V2,200,200,0,200,0,200,100.0000,100.0000,,
sweep,D-REL1,theta,0.21,V3,220,220,220,0,190,190,86.3636,86.3636,,
sweep,D-REL1,theta,0.21,V4,220,220,220,0,37,37,16.8182,16.8182,,
sweep,D-REL1,theta,0.21,V5,200,0,200,0,0,0,0.0000,,,
sweep,D-REL1,theta,0.21,V6,200,175,165,35,6,41,20.5000,23.4286,,
sweep,D-REL1,theta,0.21,violations_all,1200,945,835,365,233,598,49.8333,63.2804,,
sweep,D-REL1,theta,0.21,all,2000,1745,1635,365,240,605,30.2500,34.6705,,
sweep,D-REL1,theta,0.22,benign,800,800,800,0,7,7,0.8750,0.8750,,
sweep,D-REL1,theta,0.22,V1,160,130,30,130,0,130,81.2500,100.0000,,
sweep,D-REL1,theta,0.22,V2,200,200,0,200,0,200,100.0000,100.0000,,
sweep,D-REL1,theta,0.22,V3,220,220,220,0,189,189,85.9091,85.9091,,
sweep,D-REL1,theta,0.22,V4,220,220,220,0,37,37,16.8182,16.8182,,
sweep,D-REL1,theta,0.22,V5,200,0,200,0,0,0,0.0000,,,
sweep,D-REL1,theta,0.22,V6,200,175,165,35,6,41,20.5000,23.4286,,
sweep,D-REL1,theta,0.22,violations_all,1200,945,835,365,232,597,49.7500,63.1746,,
sweep,D-REL1,theta,0.22,all,2000,1745,1635,365,239,604,30.2000,34.6132,,
sweep,D-REL1,theta,0.23,benign,800,800,800,0,5,5,0.6250,0.6250,,
sweep,D-REL1,theta,0.23,V1,160,130,30,130,0,130,81.2500,100.0000,,
sweep,D-REL1,theta,0.23,V2,200,200,0,200,0,200,100.0000,100.0000,,
sweep,D-REL1,theta,0.23,V3,220,220,220,0,188,188,85.4545,85.4545,,
sweep,D-REL1,theta,0.23,V4,220,220,220,0,37,37,16.8182,16.8182,,
sweep,D-REL1,theta,0.23,V5,200,0,200,0,0,0,0.0000,,,
sweep,D-REL1,theta,0.23,V6,200,175,165,35,6,41,20.5000,23.4286,,
sweep,D-REL1,theta,0.23,violations_all,1200,945,835,365,231,596,49.6667,63.0688,,
sweep,D-REL1,theta,0.23,all,2000,1745,1635,365,236,601,30.0500,34.4413,,
sweep,D-REL1,theta,0.24,benign,800,800,800,0,5,5,0.6250,0.6250,,
sweep,D-REL1,theta,0.24,V1,160,130,30,130,0,130,81.2500,100.0000,,
sweep,D-REL1,theta,0.24,V2,200,200,0,200,0,200,100.0000,100.0000,,
sweep,D-REL1,theta,0.24,V3,220,220,220,0,184,184,83.6364,83.6364,,
sweep,D-REL1,theta,0.24,V4,220,220,220,0,36,36,16.3636,16.3636,,
sweep,D-REL1,theta,0.24,V5,200,0,200,0,0,0,0.0000,,,
sweep,D-REL1,theta,0.24,V6,200,175,165,35,4,39,19.5000,22.2857,,
sweep,D-REL1,theta,0.24,violations_all,1200,945,835,365,224,589,49.0833,62.3280,,
sweep,D-REL1,theta,0.24,all,2000,1745,1635,365,229,594,29.7000,34.0401,,
sweep,D-REL1,theta,0.25,benign,800,800,800,0,5,5,0.6250,0.6250,,
sweep,D-REL1,theta,0.25,V1,160,130,30,130,0,130,81.2500,100.0000,,
sweep,D-REL1,theta,0.25,V2,200,200,0,200,0,200,100.0000,100.0000,,
sweep,D-REL1,theta,0.25,V3,220,220,220,0,180,180,81.8182,81.8182,,
sweep,D-REL1,theta,0.25,V4,220,220,220,0,35,35,15.9091,15.9091,,
sweep,D-REL1,theta,0.25,V5,200,0,200,0,0,0,0.0000,,,
sweep,D-REL1,theta,0.25,V6,200,175,165,35,4,39,19.5000,22.2857,,
sweep,D-REL1,theta,0.25,violations_all,1200,945,835,365,219,584,48.6667,61.7989,,
sweep,D-REL1,theta,0.25,all,2000,1745,1635,365,224,589,29.4500,33.7536,,
sweep,D-REL1,theta,0.26,benign,800,800,800,0,5,5,0.6250,0.6250,,
sweep,D-REL1,theta,0.26,V1,160,130,30,130,0,130,81.2500,100.0000,,
sweep,D-REL1,theta,0.26,V2,200,200,0,200,0,200,100.0000,100.0000,,
sweep,D-REL1,theta,0.26,V3,220,220,220,0,179,179,81.3636,81.3636,,
sweep,D-REL1,theta,0.26,V4,220,220,220,0,35,35,15.9091,15.9091,,
sweep,D-REL1,theta,0.26,V5,200,0,200,0,0,0,0.0000,,,
sweep,D-REL1,theta,0.26,V6,200,175,165,35,3,38,19.0000,21.7143,,
sweep,D-REL1,theta,0.26,violations_all,1200,945,835,365,217,582,48.5000,61.5873,,
sweep,D-REL1,theta,0.26,all,2000,1745,1635,365,222,587,29.3500,33.6390,,
sweep,D-REL1,theta,0.27,benign,800,800,800,0,4,4,0.5000,0.5000,,
sweep,D-REL1,theta,0.27,V1,160,130,30,130,0,130,81.2500,100.0000,,
sweep,D-REL1,theta,0.27,V2,200,200,0,200,0,200,100.0000,100.0000,,
sweep,D-REL1,theta,0.27,V3,220,220,220,0,177,177,80.4545,80.4545,,
sweep,D-REL1,theta,0.27,V4,220,220,220,0,34,34,15.4545,15.4545,,
sweep,D-REL1,theta,0.27,V5,200,0,200,0,0,0,0.0000,,,
sweep,D-REL1,theta,0.27,V6,200,175,165,35,3,38,19.0000,21.7143,,
sweep,D-REL1,theta,0.27,violations_all,1200,945,835,365,214,579,48.2500,61.2698,,
sweep,D-REL1,theta,0.27,all,2000,1745,1635,365,218,583,29.1500,33.4097,,
sweep,D-REL1,theta,0.28,benign,800,800,800,0,4,4,0.5000,0.5000,,
sweep,D-REL1,theta,0.28,V1,160,130,30,130,0,130,81.2500,100.0000,,
sweep,D-REL1,theta,0.28,V2,200,200,0,200,0,200,100.0000,100.0000,,
sweep,D-REL1,theta,0.28,V3,220,220,220,0,172,172,78.1818,78.1818,,
sweep,D-REL1,theta,0.28,V4,220,220,220,0,32,32,14.5455,14.5455,,
sweep,D-REL1,theta,0.28,V5,200,0,200,0,0,0,0.0000,,,
sweep,D-REL1,theta,0.28,V6,200,175,165,35,3,38,19.0000,21.7143,,
sweep,D-REL1,theta,0.28,violations_all,1200,945,835,365,207,572,47.6667,60.5291,,
sweep,D-REL1,theta,0.28,all,2000,1745,1635,365,211,576,28.8000,33.0086,,
sweep,D-REL1,theta,0.29,benign,800,800,800,0,4,4,0.5000,0.5000,,
sweep,D-REL1,theta,0.29,V1,160,130,30,130,0,130,81.2500,100.0000,,
sweep,D-REL1,theta,0.29,V2,200,200,0,200,0,200,100.0000,100.0000,,
sweep,D-REL1,theta,0.29,V3,220,220,220,0,171,171,77.7273,77.7273,,
sweep,D-REL1,theta,0.29,V4,220,220,220,0,32,32,14.5455,14.5455,,
sweep,D-REL1,theta,0.29,V5,200,0,200,0,0,0,0.0000,,,
sweep,D-REL1,theta,0.29,V6,200,175,165,35,3,38,19.0000,21.7143,,
sweep,D-REL1,theta,0.29,violations_all,1200,945,835,365,206,571,47.5833,60.4233,,
sweep,D-REL1,theta,0.29,all,2000,1745,1635,365,210,575,28.7500,32.9513,,
sweep,D-REL1,theta,0.3,benign,800,800,800,0,4,4,0.5000,0.5000,,
sweep,D-REL1,theta,0.3,V1,160,130,30,130,0,130,81.2500,100.0000,,
sweep,D-REL1,theta,0.3,V2,200,200,0,200,0,200,100.0000,100.0000,,
sweep,D-REL1,theta,0.3,V3,220,220,220,0,171,171,77.7273,77.7273,,
sweep,D-REL1,theta,0.3,V4,220,220,220,0,32,32,14.5455,14.5455,,
sweep,D-REL1,theta,0.3,V5,200,0,200,0,0,0,0.0000,,,
sweep,D-REL1,theta,0.3,V6,200,175,165,35,1,36,18.0000,20.5714,,
sweep,D-REL1,theta,0.3,violations_all,1200,945,835,365,204,569,47.4167,60.2116,,
sweep,D-REL1,theta,0.3,all,2000,1745,1635,365,208,573,28.6500,32.8367,,
sweep,D-REL1,theta,0.31,benign,800,800,800,0,2,2,0.2500,0.2500,,
sweep,D-REL1,theta,0.31,V1,160,130,30,130,0,130,81.2500,100.0000,,
sweep,D-REL1,theta,0.31,V2,200,200,0,200,0,200,100.0000,100.0000,,
sweep,D-REL1,theta,0.31,V3,220,220,220,0,168,168,76.3636,76.3636,,
sweep,D-REL1,theta,0.31,V4,220,220,220,0,31,31,14.0909,14.0909,,
sweep,D-REL1,theta,0.31,V5,200,0,200,0,0,0,0.0000,,,
sweep,D-REL1,theta,0.31,V6,200,175,165,35,1,36,18.0000,20.5714,,
sweep,D-REL1,theta,0.31,violations_all,1200,945,835,365,200,565,47.0833,59.7884,,
sweep,D-REL1,theta,0.31,all,2000,1745,1635,365,202,567,28.3500,32.4928,,
sweep,D-REL1,theta,0.32,benign,800,800,800,0,2,2,0.2500,0.2500,,
sweep,D-REL1,theta,0.32,V1,160,130,30,130,0,130,81.2500,100.0000,,
sweep,D-REL1,theta,0.32,V2,200,200,0,200,0,200,100.0000,100.0000,,
sweep,D-REL1,theta,0.32,V3,220,220,220,0,165,165,75.0000,75.0000,,
sweep,D-REL1,theta,0.32,V4,220,220,220,0,31,31,14.0909,14.0909,,
sweep,D-REL1,theta,0.32,V5,200,0,200,0,0,0,0.0000,,,
sweep,D-REL1,theta,0.32,V6,200,175,165,35,1,36,18.0000,20.5714,,
sweep,D-REL1,theta,0.32,violations_all,1200,945,835,365,197,562,46.8333,59.4709,,
sweep,D-REL1,theta,0.32,all,2000,1745,1635,365,199,564,28.2000,32.3209,,
sweep,D-REL1,theta,0.33,benign,800,800,800,0,2,2,0.2500,0.2500,,
sweep,D-REL1,theta,0.33,V1,160,130,30,130,0,130,81.2500,100.0000,,
sweep,D-REL1,theta,0.33,V2,200,200,0,200,0,200,100.0000,100.0000,,
sweep,D-REL1,theta,0.33,V3,220,220,220,0,164,164,74.5455,74.5455,,
sweep,D-REL1,theta,0.33,V4,220,220,220,0,30,30,13.6364,13.6364,,
sweep,D-REL1,theta,0.33,V5,200,0,200,0,0,0,0.0000,,,
sweep,D-REL1,theta,0.33,V6,200,175,165,35,1,36,18.0000,20.5714,,
sweep,D-REL1,theta,0.33,violations_all,1200,945,835,365,195,560,46.6667,59.2593,,
sweep,D-REL1,theta,0.33,all,2000,1745,1635,365,197,562,28.1000,32.2063,,
sweep,D-REL1,theta,0.34,benign,800,800,800,0,2,2,0.2500,0.2500,,
sweep,D-REL1,theta,0.34,V1,160,130,30,130,0,130,81.2500,100.0000,,
sweep,D-REL1,theta,0.34,V2,200,200,0,200,0,200,100.0000,100.0000,,
sweep,D-REL1,theta,0.34,V3,220,220,220,0,163,163,74.0909,74.0909,,
sweep,D-REL1,theta,0.34,V4,220,220,220,0,28,28,12.7273,12.7273,,
sweep,D-REL1,theta,0.34,V5,200,0,200,0,0,0,0.0000,,,
sweep,D-REL1,theta,0.34,V6,200,175,165,35,1,36,18.0000,20.5714,,
sweep,D-REL1,theta,0.34,violations_all,1200,945,835,365,192,557,46.4167,58.9418,,
sweep,D-REL1,theta,0.34,all,2000,1745,1635,365,194,559,27.9500,32.0344,,
sweep,D-REL1,theta,0.35,benign,800,800,800,0,2,2,0.2500,0.2500,,
sweep,D-REL1,theta,0.35,V1,160,130,30,130,0,130,81.2500,100.0000,,
sweep,D-REL1,theta,0.35,V2,200,200,0,200,0,200,100.0000,100.0000,,
sweep,D-REL1,theta,0.35,V3,220,220,220,0,160,160,72.7273,72.7273,,
sweep,D-REL1,theta,0.35,V4,220,220,220,0,25,25,11.3636,11.3636,,
sweep,D-REL1,theta,0.35,V5,200,0,200,0,0,0,0.0000,,,
sweep,D-REL1,theta,0.35,V6,200,175,165,35,1,36,18.0000,20.5714,,
sweep,D-REL1,theta,0.35,violations_all,1200,945,835,365,186,551,45.9167,58.3069,,
sweep,D-REL1,theta,0.35,all,2000,1745,1635,365,188,553,27.6500,31.6905,,
sweep,D-REL1,theta,0.36,benign,800,800,800,0,2,2,0.2500,0.2500,,
sweep,D-REL1,theta,0.36,V1,160,130,30,130,0,130,81.2500,100.0000,,
sweep,D-REL1,theta,0.36,V2,200,200,0,200,0,200,100.0000,100.0000,,
sweep,D-REL1,theta,0.36,V3,220,220,220,0,155,155,70.4545,70.4545,,
sweep,D-REL1,theta,0.36,V4,220,220,220,0,24,24,10.9091,10.9091,,
sweep,D-REL1,theta,0.36,V5,200,0,200,0,0,0,0.0000,,,
sweep,D-REL1,theta,0.36,V6,200,175,165,35,1,36,18.0000,20.5714,,
sweep,D-REL1,theta,0.36,violations_all,1200,945,835,365,180,545,45.4167,57.6720,,
sweep,D-REL1,theta,0.36,all,2000,1745,1635,365,182,547,27.3500,31.3467,,
sweep,D-REL1,theta,0.37,benign,800,800,800,0,2,2,0.2500,0.2500,,
sweep,D-REL1,theta,0.37,V1,160,130,30,130,0,130,81.2500,100.0000,,
sweep,D-REL1,theta,0.37,V2,200,200,0,200,0,200,100.0000,100.0000,,
sweep,D-REL1,theta,0.37,V3,220,220,220,0,152,152,69.0909,69.0909,,
sweep,D-REL1,theta,0.37,V4,220,220,220,0,24,24,10.9091,10.9091,,
sweep,D-REL1,theta,0.37,V5,200,0,200,0,0,0,0.0000,,,
sweep,D-REL1,theta,0.37,V6,200,175,165,35,1,36,18.0000,20.5714,,
sweep,D-REL1,theta,0.37,violations_all,1200,945,835,365,177,542,45.1667,57.3545,,
sweep,D-REL1,theta,0.37,all,2000,1745,1635,365,179,544,27.2000,31.1748,,
sweep,D-REL1,theta,0.38,benign,800,800,800,0,2,2,0.2500,0.2500,,
sweep,D-REL1,theta,0.38,V1,160,130,30,130,0,130,81.2500,100.0000,,
sweep,D-REL1,theta,0.38,V2,200,200,0,200,0,200,100.0000,100.0000,,
sweep,D-REL1,theta,0.38,V3,220,220,220,0,149,149,67.7273,67.7273,,
sweep,D-REL1,theta,0.38,V4,220,220,220,0,23,23,10.4545,10.4545,,
sweep,D-REL1,theta,0.38,V5,200,0,200,0,0,0,0.0000,,,
sweep,D-REL1,theta,0.38,V6,200,175,165,35,1,36,18.0000,20.5714,,
sweep,D-REL1,theta,0.38,violations_all,1200,945,835,365,173,538,44.8333,56.9312,,
sweep,D-REL1,theta,0.38,all,2000,1745,1635,365,175,540,27.0000,30.9456,,
sweep,D-REL1,theta,0.39,benign,800,800,800,0,2,2,0.2500,0.2500,,
sweep,D-REL1,theta,0.39,V1,160,130,30,130,0,130,81.2500,100.0000,,
sweep,D-REL1,theta,0.39,V2,200,200,0,200,0,200,100.0000,100.0000,,
sweep,D-REL1,theta,0.39,V3,220,220,220,0,146,146,66.3636,66.3636,,
sweep,D-REL1,theta,0.39,V4,220,220,220,0,22,22,10.0000,10.0000,,
sweep,D-REL1,theta,0.39,V5,200,0,200,0,0,0,0.0000,,,
sweep,D-REL1,theta,0.39,V6,200,175,165,35,1,36,18.0000,20.5714,,
sweep,D-REL1,theta,0.39,violations_all,1200,945,835,365,169,534,44.5000,56.5079,,
sweep,D-REL1,theta,0.39,all,2000,1745,1635,365,171,536,26.8000,30.7163,,
sweep,D-REL1,theta,0.4,benign,800,800,800,0,2,2,0.2500,0.2500,,
sweep,D-REL1,theta,0.4,V1,160,130,30,130,0,130,81.2500,100.0000,,
sweep,D-REL1,theta,0.4,V2,200,200,0,200,0,200,100.0000,100.0000,,
sweep,D-REL1,theta,0.4,V3,220,220,220,0,144,144,65.4545,65.4545,,
sweep,D-REL1,theta,0.4,V4,220,220,220,0,22,22,10.0000,10.0000,,
sweep,D-REL1,theta,0.4,V5,200,0,200,0,0,0,0.0000,,,
sweep,D-REL1,theta,0.4,V6,200,175,165,35,1,36,18.0000,20.5714,,
sweep,D-REL1,theta,0.4,violations_all,1200,945,835,365,167,532,44.3333,56.2963,,
sweep,D-REL1,theta,0.4,all,2000,1745,1635,365,169,534,26.7000,30.6017,,
sweep,D-REL1,theta,0.41,benign,800,800,800,0,2,2,0.2500,0.2500,,
sweep,D-REL1,theta,0.41,V1,160,130,30,130,0,130,81.2500,100.0000,,
sweep,D-REL1,theta,0.41,V2,200,200,0,200,0,200,100.0000,100.0000,,
sweep,D-REL1,theta,0.41,V3,220,220,220,0,144,144,65.4545,65.4545,,
sweep,D-REL1,theta,0.41,V4,220,220,220,0,21,21,9.5455,9.5455,,
sweep,D-REL1,theta,0.41,V5,200,0,200,0,0,0,0.0000,,,
sweep,D-REL1,theta,0.41,V6,200,175,165,35,1,36,18.0000,20.5714,,
sweep,D-REL1,theta,0.41,violations_all,1200,945,835,365,166,531,44.2500,56.1905,,
sweep,D-REL1,theta,0.41,all,2000,1745,1635,365,168,533,26.6500,30.5444,,
sweep,D-REL1,theta,0.42,benign,800,800,800,0,2,2,0.2500,0.2500,,
sweep,D-REL1,theta,0.42,V1,160,130,30,130,0,130,81.2500,100.0000,,
sweep,D-REL1,theta,0.42,V2,200,200,0,200,0,200,100.0000,100.0000,,
sweep,D-REL1,theta,0.42,V3,220,220,220,0,141,141,64.0909,64.0909,,
sweep,D-REL1,theta,0.42,V4,220,220,220,0,21,21,9.5455,9.5455,,
sweep,D-REL1,theta,0.42,V5,200,0,200,0,0,0,0.0000,,,
sweep,D-REL1,theta,0.42,V6,200,175,165,35,1,36,18.0000,20.5714,,
sweep,D-REL1,theta,0.42,violations_all,1200,945,835,365,163,528,44.0000,55.8730,,
sweep,D-REL1,theta,0.42,all,2000,1745,1635,365,165,530,26.5000,30.3725,,
sweep,D-REL1,theta,0.43,benign,800,800,800,0,2,2,0.2500,0.2500,,
sweep,D-REL1,theta,0.43,V1,160,130,30,130,0,130,81.2500,100.0000,,
sweep,D-REL1,theta,0.43,V2,200,200,0,200,0,200,100.0000,100.0000,,
sweep,D-REL1,theta,0.43,V3,220,220,220,0,134,134,60.9091,60.9091,,
sweep,D-REL1,theta,0.43,V4,220,220,220,0,20,20,9.0909,9.0909,,
sweep,D-REL1,theta,0.43,V5,200,0,200,0,0,0,0.0000,,,
sweep,D-REL1,theta,0.43,V6,200,175,165,35,1,36,18.0000,20.5714,,
sweep,D-REL1,theta,0.43,violations_all,1200,945,835,365,155,520,43.3333,55.0265,,
sweep,D-REL1,theta,0.43,all,2000,1745,1635,365,157,522,26.1000,29.9140,,
sweep,D-REL1,theta,0.44,benign,800,800,800,0,2,2,0.2500,0.2500,,
sweep,D-REL1,theta,0.44,V1,160,130,30,130,0,130,81.2500,100.0000,,
sweep,D-REL1,theta,0.44,V2,200,200,0,200,0,200,100.0000,100.0000,,
sweep,D-REL1,theta,0.44,V3,220,220,220,0,133,133,60.4545,60.4545,,
sweep,D-REL1,theta,0.44,V4,220,220,220,0,20,20,9.0909,9.0909,,
sweep,D-REL1,theta,0.44,V5,200,0,200,0,0,0,0.0000,,,
sweep,D-REL1,theta,0.44,V6,200,175,165,35,1,36,18.0000,20.5714,,
sweep,D-REL1,theta,0.44,violations_all,1200,945,835,365,154,519,43.2500,54.9206,,
sweep,D-REL1,theta,0.44,all,2000,1745,1635,365,156,521,26.0500,29.8567,,
sweep,D-REL1,theta,0.45,benign,800,800,800,0,2,2,0.2500,0.2500,,
sweep,D-REL1,theta,0.45,V1,160,130,30,130,0,130,81.2500,100.0000,,
sweep,D-REL1,theta,0.45,V2,200,200,0,200,0,200,100.0000,100.0000,,
sweep,D-REL1,theta,0.45,V3,220,220,220,0,128,128,58.1818,58.1818,,
sweep,D-REL1,theta,0.45,V4,220,220,220,0,20,20,9.0909,9.0909,,
sweep,D-REL1,theta,0.45,V5,200,0,200,0,0,0,0.0000,,,
sweep,D-REL1,theta,0.45,V6,200,175,165,35,1,36,18.0000,20.5714,,
sweep,D-REL1,theta,0.45,violations_all,1200,945,835,365,149,514,42.8333,54.3915,,
sweep,D-REL1,theta,0.45,all,2000,1745,1635,365,151,516,25.8000,29.5702,,
sweep,D-REL1,theta,0.46,benign,800,800,800,0,2,2,0.2500,0.2500,,
sweep,D-REL1,theta,0.46,V1,160,130,30,130,0,130,81.2500,100.0000,,
sweep,D-REL1,theta,0.46,V2,200,200,0,200,0,200,100.0000,100.0000,,
sweep,D-REL1,theta,0.46,V3,220,220,220,0,125,125,56.8182,56.8182,,
sweep,D-REL1,theta,0.46,V4,220,220,220,0,20,20,9.0909,9.0909,,
sweep,D-REL1,theta,0.46,V5,200,0,200,0,0,0,0.0000,,,
sweep,D-REL1,theta,0.46,V6,200,175,165,35,1,36,18.0000,20.5714,,
sweep,D-REL1,theta,0.46,violations_all,1200,945,835,365,146,511,42.5833,54.0741,,
sweep,D-REL1,theta,0.46,all,2000,1745,1635,365,148,513,25.6500,29.3983,,
sweep,D-REL1,theta,0.47,benign,800,800,800,0,2,2,0.2500,0.2500,,
sweep,D-REL1,theta,0.47,V1,160,130,30,130,0,130,81.2500,100.0000,,
sweep,D-REL1,theta,0.47,V2,200,200,0,200,0,200,100.0000,100.0000,,
sweep,D-REL1,theta,0.47,V3,220,220,220,0,124,124,56.3636,56.3636,,
sweep,D-REL1,theta,0.47,V4,220,220,220,0,20,20,9.0909,9.0909,,
sweep,D-REL1,theta,0.47,V5,200,0,200,0,0,0,0.0000,,,
sweep,D-REL1,theta,0.47,V6,200,175,165,35,1,36,18.0000,20.5714,,
sweep,D-REL1,theta,0.47,violations_all,1200,945,835,365,145,510,42.5000,53.9683,,
sweep,D-REL1,theta,0.47,all,2000,1745,1635,365,147,512,25.6000,29.3410,,
sweep,D-REL1,theta,0.48,benign,800,800,800,0,2,2,0.2500,0.2500,,
sweep,D-REL1,theta,0.48,V1,160,130,30,130,0,130,81.2500,100.0000,,
sweep,D-REL1,theta,0.48,V2,200,200,0,200,0,200,100.0000,100.0000,,
sweep,D-REL1,theta,0.48,V3,220,220,220,0,122,122,55.4545,55.4545,,
sweep,D-REL1,theta,0.48,V4,220,220,220,0,20,20,9.0909,9.0909,,
sweep,D-REL1,theta,0.48,V5,200,0,200,0,0,0,0.0000,,,
sweep,D-REL1,theta,0.48,V6,200,175,165,35,1,36,18.0000,20.5714,,
sweep,D-REL1,theta,0.48,violations_all,1200,945,835,365,143,508,42.3333,53.7566,,
sweep,D-REL1,theta,0.48,all,2000,1745,1635,365,145,510,25.5000,29.2264,,
sweep,D-REL1,theta,0.49,benign,800,800,800,0,2,2,0.2500,0.2500,,
sweep,D-REL1,theta,0.49,V1,160,130,30,130,0,130,81.2500,100.0000,,
sweep,D-REL1,theta,0.49,V2,200,200,0,200,0,200,100.0000,100.0000,,
sweep,D-REL1,theta,0.49,V3,220,220,220,0,122,122,55.4545,55.4545,,
sweep,D-REL1,theta,0.49,V4,220,220,220,0,18,18,8.1818,8.1818,,
sweep,D-REL1,theta,0.49,V5,200,0,200,0,0,0,0.0000,,,
sweep,D-REL1,theta,0.49,V6,200,175,165,35,1,36,18.0000,20.5714,,
sweep,D-REL1,theta,0.49,violations_all,1200,945,835,365,141,506,42.1667,53.5450,,
sweep,D-REL1,theta,0.49,all,2000,1745,1635,365,143,508,25.4000,29.1117,,
sweep,D-REL1,theta,0.5,benign,800,800,800,0,2,2,0.2500,0.2500,,
sweep,D-REL1,theta,0.5,V1,160,130,30,130,0,130,81.2500,100.0000,,
sweep,D-REL1,theta,0.5,V2,200,200,0,200,0,200,100.0000,100.0000,,
sweep,D-REL1,theta,0.5,V3,220,220,220,0,119,119,54.0909,54.0909,,
sweep,D-REL1,theta,0.5,V4,220,220,220,0,18,18,8.1818,8.1818,,
sweep,D-REL1,theta,0.5,V5,200,0,200,0,0,0,0.0000,,,
sweep,D-REL1,theta,0.5,V6,200,175,165,35,1,36,18.0000,20.5714,,
sweep,D-REL1,theta,0.5,violations_all,1200,945,835,365,138,503,41.9167,53.2275,,
sweep,D-REL1,theta,0.5,all,2000,1745,1635,365,140,505,25.2500,28.9398,,
sweep,D-REL1,theta,1,benign,800,800,800,0,1,1,0.1250,0.1250,,
sweep,D-REL1,theta,1,V1,160,130,30,130,0,130,81.2500,100.0000,,
sweep,D-REL1,theta,1,V2,200,200,0,200,0,200,100.0000,100.0000,,
sweep,D-REL1,theta,1,V3,220,220,220,0,54,54,24.5455,24.5455,,
sweep,D-REL1,theta,1,V4,220,220,220,0,5,5,2.2727,2.2727,,
sweep,D-REL1,theta,1,V5,200,0,200,0,0,0,0.0000,,,
sweep,D-REL1,theta,1,V6,200,175,165,35,0,35,17.5000,20.0000,,
sweep,D-REL1,theta,1,violations_all,1200,945,835,365,59,424,35.3333,44.8677,,
sweep,D-REL1,theta,1,all,2000,1745,1635,365,60,425,21.2500,24.3553,,
sweep,D-REL2,theta,0.02,benign,800,800,800,0,0,0,0.0000,0.0000,,
sweep,D-REL2,theta,0.02,V1,160,130,30,130,0,130,81.2500,100.0000,,
sweep,D-REL2,theta,0.02,V2,200,200,0,200,0,200,100.0000,100.0000,,
sweep,D-REL2,theta,0.02,V3,220,220,220,0,217,217,98.6364,98.6364,,
sweep,D-REL2,theta,0.02,V4,220,220,220,0,50,50,22.7273,22.7273,,
sweep,D-REL2,theta,0.02,V5,200,0,200,0,0,0,0.0000,,,
sweep,D-REL2,theta,0.02,V6,200,175,165,35,0,35,17.5000,20.0000,,
sweep,D-REL2,theta,0.02,violations_all,1200,945,835,365,267,632,52.6667,66.8783,,
sweep,D-REL2,theta,0.02,all,2000,1745,1635,365,267,632,31.6000,36.2178,,
sweep,D-REL2,theta,0.03,benign,800,800,800,0,0,0,0.0000,0.0000,,
sweep,D-REL2,theta,0.03,V1,160,130,30,130,0,130,81.2500,100.0000,,
sweep,D-REL2,theta,0.03,V2,200,200,0,200,0,200,100.0000,100.0000,,
sweep,D-REL2,theta,0.03,V3,220,220,220,0,214,214,97.2727,97.2727,,
sweep,D-REL2,theta,0.03,V4,220,220,220,0,50,50,22.7273,22.7273,,
sweep,D-REL2,theta,0.03,V5,200,0,200,0,0,0,0.0000,,,
sweep,D-REL2,theta,0.03,V6,200,175,165,35,0,35,17.5000,20.0000,,
sweep,D-REL2,theta,0.03,violations_all,1200,945,835,365,264,629,52.4167,66.5608,,
sweep,D-REL2,theta,0.03,all,2000,1745,1635,365,264,629,31.4500,36.0458,,
sweep,D-REL2,theta,0.04,benign,800,800,800,0,0,0,0.0000,0.0000,,
sweep,D-REL2,theta,0.04,V1,160,130,30,130,0,130,81.2500,100.0000,,
sweep,D-REL2,theta,0.04,V2,200,200,0,200,0,200,100.0000,100.0000,,
sweep,D-REL2,theta,0.04,V3,220,220,220,0,214,214,97.2727,97.2727,,
sweep,D-REL2,theta,0.04,V4,220,220,220,0,50,50,22.7273,22.7273,,
sweep,D-REL2,theta,0.04,V5,200,0,200,0,0,0,0.0000,,,
sweep,D-REL2,theta,0.04,V6,200,175,165,35,0,35,17.5000,20.0000,,
sweep,D-REL2,theta,0.04,violations_all,1200,945,835,365,264,629,52.4167,66.5608,,
sweep,D-REL2,theta,0.04,all,2000,1745,1635,365,264,629,31.4500,36.0458,,
sweep,D-REL2,theta,0.05,benign,800,800,800,0,0,0,0.0000,0.0000,,
sweep,D-REL2,theta,0.05,V1,160,130,30,130,0,130,81.2500,100.0000,,
sweep,D-REL2,theta,0.05,V2,200,200,0,200,0,200,100.0000,100.0000,,
sweep,D-REL2,theta,0.05,V3,220,220,220,0,213,213,96.8182,96.8182,,
sweep,D-REL2,theta,0.05,V4,220,220,220,0,50,50,22.7273,22.7273,,
sweep,D-REL2,theta,0.05,V5,200,0,200,0,0,0,0.0000,,,
sweep,D-REL2,theta,0.05,V6,200,175,165,35,0,35,17.5000,20.0000,,
sweep,D-REL2,theta,0.05,violations_all,1200,945,835,365,263,628,52.3333,66.4550,,
sweep,D-REL2,theta,0.05,all,2000,1745,1635,365,263,628,31.4000,35.9885,,
sweep,D-REL2,theta,0.06,benign,800,800,800,0,0,0,0.0000,0.0000,,
sweep,D-REL2,theta,0.06,V1,160,130,30,130,0,130,81.2500,100.0000,,
sweep,D-REL2,theta,0.06,V2,200,200,0,200,0,200,100.0000,100.0000,,
sweep,D-REL2,theta,0.06,V3,220,220,220,0,211,211,95.9091,95.9091,,
sweep,D-REL2,theta,0.06,V4,220,220,220,0,48,48,21.8182,21.8182,,
sweep,D-REL2,theta,0.06,V5,200,0,200,0,0,0,0.0000,,,
sweep,D-REL2,theta,0.06,V6,200,175,165,35,0,35,17.5000,20.0000,,
sweep,D-REL2,theta,0.06,violations_all,1200,945,835,365,259,624,52.0000,66.0317,,
sweep,D-REL2,theta,0.06,all,2000,1745,1635,365,259,624,31.2000,35.7593,,
sweep,D-REL2,theta,0.07,benign,800,800,800,0,0,0,0.0000,0.0000,,
sweep,D-REL2,theta,0.07,V1,160,130,30,130,0,130,81.2500,100.0000,,
sweep,D-REL2,theta,0.07,V2,200,200,0,200,0,200,100.0000,100.0000,,
sweep,D-REL2,theta,0.07,V3,220,220,220,0,211,211,95.9091,95.9091,,
sweep,D-REL2,theta,0.07,V4,220,220,220,0,48,48,21.8182,21.8182,,
sweep,D-REL2,theta,0.07,V5,200,0,200,0,0,0,0.0000,,,
sweep,D-REL2,theta,0.07,V6,200,175,165,35,0,35,17.5000,20.0000,,
sweep,D-REL2,theta,0.07,violations_all,1200,945,835,365,259,624,52.0000,66.0317,,
sweep,D-REL2,theta,0.07,all,2000,1745,1635,365,259,624,31.2000,35.7593,,
sweep,D-REL2,theta,0.08,benign,800,800,800,0,0,0,0.0000,0.0000,,
sweep,D-REL2,theta,0.08,V1,160,130,30,130,0,130,81.2500,100.0000,,
sweep,D-REL2,theta,0.08,V2,200,200,0,200,0,200,100.0000,100.0000,,
sweep,D-REL2,theta,0.08,V3,220,220,220,0,208,208,94.5455,94.5455,,
sweep,D-REL2,theta,0.08,V4,220,220,220,0,48,48,21.8182,21.8182,,
sweep,D-REL2,theta,0.08,V5,200,0,200,0,0,0,0.0000,,,
sweep,D-REL2,theta,0.08,V6,200,175,165,35,0,35,17.5000,20.0000,,
sweep,D-REL2,theta,0.08,violations_all,1200,945,835,365,256,621,51.7500,65.7143,,
sweep,D-REL2,theta,0.08,all,2000,1745,1635,365,256,621,31.0500,35.5874,,
sweep,D-REL2,theta,0.09,benign,800,800,800,0,0,0,0.0000,0.0000,,
sweep,D-REL2,theta,0.09,V1,160,130,30,130,0,130,81.2500,100.0000,,
sweep,D-REL2,theta,0.09,V2,200,200,0,200,0,200,100.0000,100.0000,,
sweep,D-REL2,theta,0.09,V3,220,220,220,0,208,208,94.5455,94.5455,,
sweep,D-REL2,theta,0.09,V4,220,220,220,0,45,45,20.4545,20.4545,,
sweep,D-REL2,theta,0.09,V5,200,0,200,0,0,0,0.0000,,,
sweep,D-REL2,theta,0.09,V6,200,175,165,35,0,35,17.5000,20.0000,,
sweep,D-REL2,theta,0.09,violations_all,1200,945,835,365,253,618,51.5000,65.3968,,
sweep,D-REL2,theta,0.09,all,2000,1745,1635,365,253,618,30.9000,35.4155,,
sweep,D-REL2,theta,0.1,benign,800,800,800,0,0,0,0.0000,0.0000,,
sweep,D-REL2,theta,0.1,V1,160,130,30,130,0,130,81.2500,100.0000,,
sweep,D-REL2,theta,0.1,V2,200,200,0,200,0,200,100.0000,100.0000,,
sweep,D-REL2,theta,0.1,V3,220,220,220,0,208,208,94.5455,94.5455,,
sweep,D-REL2,theta,0.1,V4,220,220,220,0,45,45,20.4545,20.4545,,
sweep,D-REL2,theta,0.1,V5,200,0,200,0,0,0,0.0000,,,
sweep,D-REL2,theta,0.1,V6,200,175,165,35,0,35,17.5000,20.0000,,
sweep,D-REL2,theta,0.1,violations_all,1200,945,835,365,253,618,51.5000,65.3968,,
sweep,D-REL2,theta,0.1,all,2000,1745,1635,365,253,618,30.9000,35.4155,,
sweep,D-REL2,theta,0.11,benign,800,800,800,0,0,0,0.0000,0.0000,,
sweep,D-REL2,theta,0.11,V1,160,130,30,130,0,130,81.2500,100.0000,,
sweep,D-REL2,theta,0.11,V2,200,200,0,200,0,200,100.0000,100.0000,,
sweep,D-REL2,theta,0.11,V3,220,220,220,0,206,206,93.6364,93.6364,,
sweep,D-REL2,theta,0.11,V4,220,220,220,0,45,45,20.4545,20.4545,,
sweep,D-REL2,theta,0.11,V5,200,0,200,0,0,0,0.0000,,,
sweep,D-REL2,theta,0.11,V6,200,175,165,35,0,35,17.5000,20.0000,,
sweep,D-REL2,theta,0.11,violations_all,1200,945,835,365,251,616,51.3333,65.1852,,
sweep,D-REL2,theta,0.11,all,2000,1745,1635,365,251,616,30.8000,35.3009,,
sweep,D-REL2,theta,0.12,benign,800,800,800,0,0,0,0.0000,0.0000,,
sweep,D-REL2,theta,0.12,V1,160,130,30,130,0,130,81.2500,100.0000,,
sweep,D-REL2,theta,0.12,V2,200,200,0,200,0,200,100.0000,100.0000,,
sweep,D-REL2,theta,0.12,V3,220,220,220,0,205,205,93.1818,93.1818,,
sweep,D-REL2,theta,0.12,V4,220,220,220,0,45,45,20.4545,20.4545,,
sweep,D-REL2,theta,0.12,V5,200,0,200,0,0,0,0.0000,,,
sweep,D-REL2,theta,0.12,V6,200,175,165,35,0,35,17.5000,20.0000,,
sweep,D-REL2,theta,0.12,violations_all,1200,945,835,365,250,615,51.2500,65.0794,,
sweep,D-REL2,theta,0.12,all,2000,1745,1635,365,250,615,30.7500,35.2436,,
sweep,D-REL2,theta,0.13,benign,800,800,800,0,0,0,0.0000,0.0000,,
sweep,D-REL2,theta,0.13,V1,160,130,30,130,0,130,81.2500,100.0000,,
sweep,D-REL2,theta,0.13,V2,200,200,0,200,0,200,100.0000,100.0000,,
sweep,D-REL2,theta,0.13,V3,220,220,220,0,204,204,92.7273,92.7273,,
sweep,D-REL2,theta,0.13,V4,220,220,220,0,44,44,20.0000,20.0000,,
sweep,D-REL2,theta,0.13,V5,200,0,200,0,0,0,0.0000,,,
sweep,D-REL2,theta,0.13,V6,200,175,165,35,0,35,17.5000,20.0000,,
sweep,D-REL2,theta,0.13,violations_all,1200,945,835,365,248,613,51.0833,64.8677,,
sweep,D-REL2,theta,0.13,all,2000,1745,1635,365,248,613,30.6500,35.1289,,
sweep,D-REL2,theta,0.14,benign,800,800,800,0,0,0,0.0000,0.0000,,
sweep,D-REL2,theta,0.14,V1,160,130,30,130,0,130,81.2500,100.0000,,
sweep,D-REL2,theta,0.14,V2,200,200,0,200,0,200,100.0000,100.0000,,
sweep,D-REL2,theta,0.14,V3,220,220,220,0,204,204,92.7273,92.7273,,
sweep,D-REL2,theta,0.14,V4,220,220,220,0,42,42,19.0909,19.0909,,
sweep,D-REL2,theta,0.14,V5,200,0,200,0,0,0,0.0000,,,
sweep,D-REL2,theta,0.14,V6,200,175,165,35,0,35,17.5000,20.0000,,
sweep,D-REL2,theta,0.14,violations_all,1200,945,835,365,246,611,50.9167,64.6561,,
sweep,D-REL2,theta,0.14,all,2000,1745,1635,365,246,611,30.5500,35.0143,,
sweep,D-REL2,theta,0.15,benign,800,800,800,0,0,0,0.0000,0.0000,,
sweep,D-REL2,theta,0.15,V1,160,130,30,130,0,130,81.2500,100.0000,,
sweep,D-REL2,theta,0.15,V2,200,200,0,200,0,200,100.0000,100.0000,,
sweep,D-REL2,theta,0.15,V3,220,220,220,0,204,204,92.7273,92.7273,,
sweep,D-REL2,theta,0.15,V4,220,220,220,0,42,42,19.0909,19.0909,,
sweep,D-REL2,theta,0.15,V5,200,0,200,0,0,0,0.0000,,,
sweep,D-REL2,theta,0.15,V6,200,175,165,35,0,35,17.5000,20.0000,,
sweep,D-REL2,theta,0.15,violations_all,1200,945,835,365,246,611,50.9167,64.6561,,
sweep,D-REL2,theta,0.15,all,2000,1745,1635,365,246,611,30.5500,35.0143,,
sweep,D-REL2,theta,0.16,benign,800,800,800,0,0,0,0.0000,0.0000,,
sweep,D-REL2,theta,0.16,V1,160,130,30,130,0,130,81.2500,100.0000,,
sweep,D-REL2,theta,0.16,V2,200,200,0,200,0,200,100.0000,100.0000,,
sweep,D-REL2,theta,0.16,V3,220,220,220,0,202,202,91.8182,91.8182,,
sweep,D-REL2,theta,0.16,V4,220,220,220,0,41,41,18.6364,18.6364,,
sweep,D-REL2,theta,0.16,V5,200,0,200,0,0,0,0.0000,,,
sweep,D-REL2,theta,0.16,V6,200,175,165,35,0,35,17.5000,20.0000,,
sweep,D-REL2,theta,0.16,violations_all,1200,945,835,365,243,608,50.6667,64.3386,,
sweep,D-REL2,theta,0.16,all,2000,1745,1635,365,243,608,30.4000,34.8424,,
sweep,D-REL2,theta,0.17,benign,800,800,800,0,0,0,0.0000,0.0000,,
sweep,D-REL2,theta,0.17,V1,160,130,30,130,0,130,81.2500,100.0000,,
sweep,D-REL2,theta,0.17,V2,200,200,0,200,0,200,100.0000,100.0000,,
sweep,D-REL2,theta,0.17,V3,220,220,220,0,199,199,90.4545,90.4545,,
sweep,D-REL2,theta,0.17,V4,220,220,220,0,41,41,18.6364,18.6364,,
sweep,D-REL2,theta,0.17,V5,200,0,200,0,0,0,0.0000,,,
sweep,D-REL2,theta,0.17,V6,200,175,165,35,0,35,17.5000,20.0000,,
sweep,D-REL2,theta,0.17,violations_all,1200,945,835,365,240,605,50.4167,64.0212,,
sweep,D-REL2,theta,0.17,all,2000,1745,1635,365,240,605,30.2500,34.6705,,
sweep,D-REL2,theta,0.18,benign,800,800,800,0,0,0,0.0000,0.0000,,
sweep,D-REL2,theta,0.18,V1,160,130,30,130,0,130,81.2500,100.0000,,
sweep,D-REL2,theta,0.18,V2,200,200,0,200,0,200,100.0000,100.0000,,
sweep,D-REL2,theta,0.18,V3,220,220,220,0,198,198,90.0000,90.0000,,
sweep,D-REL2,theta,0.18,V4,220,220,220,0,40,40,18.1818,18.1818,,
sweep,D-REL2,theta,0.18,V5,200,0,200,0,0,0,0.0000,,,
sweep,D-REL2,theta,0.18,V6,200,175,165,35,0,35,17.5000,20.0000,,
sweep,D-REL2,theta,0.18,violations_all,1200,945,835,365,238,603,50.2500,63.8095,,
sweep,D-REL2,theta,0.18,all,2000,1745,1635,365,238,603,30.1500,34.5559,,
sweep,D-REL2,theta,0.19,benign,800,800,800,0,0,0,0.0000,0.0000,,
sweep,D-REL2,theta,0.19,V1,160,130,30,130,0,130,81.2500,100.0000,,
sweep,D-REL2,theta,0.19,V2,200,200,0,200,0,200,100.0000,100.0000,,
sweep,D-REL2,theta,0.19,V3,220,220,220,0,195,195,88.6364,88.6364,,
sweep,D-REL2,theta,0.19,V4,220,220,220,0,37,37,16.8182,16.8182,,
sweep,D-REL2,theta,0.19,V5,200,0,200,0,0,0,0.0000,,,
sweep,D-REL2,theta,0.19,V6,200,175,165,35,0,35,17.5000,20.0000,,
sweep,D-REL2,theta,0.19,violations_all,1200,945,835,365,232,597,49.7500,63.1746,,
sweep,D-REL2,theta,0.19,all,2000,1745,1635,365,232,597,29.8500,34.2120,,
sweep,D-REL2,theta,0.2,benign,800,800,800,0,0,0,0.0000,0.0000,,
sweep,D-REL2,theta,0.2,V1,160,130,30,130,0,130,81.2500,100.0000,,
sweep,D-REL2,theta,0.2,V2,200,200,0,200,0,200,100.0000,100.0000,,
sweep,D-REL2,theta,0.2,V3,220,220,220,0,192,192,87.2727,87.2727,,
sweep,D-REL2,theta,0.2,V4,220,220,220,0,37,37,16.8182,16.8182,,
sweep,D-REL2,theta,0.2,V5,200,0,200,0,0,0,0.0000,,,
sweep,D-REL2,theta,0.2,V6,200,175,165,35,0,35,17.5000,20.0000,,
sweep,D-REL2,theta,0.2,violations_all,1200,945,835,365,229,594,49.5000,62.8571,,
sweep,D-REL2,theta,0.2,all,2000,1745,1635,365,229,594,29.7000,34.0401,,
sweep,D-REL2,theta,0.21,benign,800,800,800,0,0,0,0.0000,0.0000,,
sweep,D-REL2,theta,0.21,V1,160,130,30,130,0,130,81.2500,100.0000,,
sweep,D-REL2,theta,0.21,V2,200,200,0,200,0,200,100.0000,100.0000,,
sweep,D-REL2,theta,0.21,V3,220,220,220,0,190,190,86.3636,86.3636,,
sweep,D-REL2,theta,0.21,V4,220,220,220,0,37,37,16.8182,16.8182,,
sweep,D-REL2,theta,0.21,V5,200,0,200,0,0,0,0.0000,,,
sweep,D-REL2,theta,0.21,V6,200,175,165,35,0,35,17.5000,20.0000,,
sweep,D-REL2,theta,0.21,violations_all,1200,945,835,365,227,592,49.3333,62.6455,,
sweep,D-REL2,theta,0.21,all,2000,1745,1635,365,227,592,29.6000,33.9255,,
sweep,D-REL2,theta,0.22,benign,800,800,800,0,0,0,0.0000,0.0000,,
sweep,D-REL2,theta,0.22,V1,160,130,30,130,0,130,81.2500,100.0000,,
sweep,D-REL2,theta,0.22,V2,200,200,0,200,0,200,100.0000,100.0000,,
sweep,D-REL2,theta,0.22,V3,220,220,220,0,189,189,85.9091,85.9091,,
sweep,D-REL2,theta,0.22,V4,220,220,220,0,37,37,16.8182,16.8182,,
sweep,D-REL2,theta,0.22,V5,200,0,200,0,0,0,0.0000,,,
sweep,D-REL2,theta,0.22,V6,200,175,165,35,0,35,17.5000,20.0000,,
sweep,D-REL2,theta,0.22,violations_all,1200,945,835,365,226,591,49.2500,62.5397,,
sweep,D-REL2,theta,0.22,all,2000,1745,1635,365,226,591,29.5500,33.8682,,
sweep,D-REL2,theta,0.23,benign,800,800,800,0,0,0,0.0000,0.0000,,
sweep,D-REL2,theta,0.23,V1,160,130,30,130,0,130,81.2500,100.0000,,
sweep,D-REL2,theta,0.23,V2,200,200,0,200,0,200,100.0000,100.0000,,
sweep,D-REL2,theta,0.23,V3,220,220,220,0,188,188,85.4545,85.4545,,
sweep,D-REL2,theta,0.23,V4,220,220,220,0,37,37,16.8182,16.8182,,
sweep,D-REL2,theta,0.23,V5,200,0,200,0,0,0,0.0000,,,
sweep,D-REL2,theta,0.23,V6,200,175,165,35,0,35,17.5000,20.0000,,
sweep,D-REL2,theta,0.23,violations_all,1200,945,835,365,225,590,49.1667,62.4339,,
sweep,D-REL2,theta,0.23,all,2000,1745,1635,365,225,590,29.5000,33.8109,,
sweep,D-REL2,theta,0.24,benign,800,800,800,0,0,0,0.0000,0.0000,,
sweep,D-REL2,theta,0.24,V1,160,130,30,130,0,130,81.2500,100.0000,,
sweep,D-REL2,theta,0.24,V2,200,200,0,200,0,200,100.0000,100.0000,,
sweep,D-REL2,theta,0.24,V3,220,220,220,0,184,184,83.6364,83.6364,,
sweep,D-REL2,theta,0.24,V4,220,220,220,0,36,36,16.3636,16.3636,,
sweep,D-REL2,theta,0.24,V5,200,0,200,0,0,0,0.0000,,,
sweep,D-REL2,theta,0.24,V6,200,175,165,35,0,35,17.5000,20.0000,,
sweep,D-REL2,theta,0.24,violations_all,1200,945,835,365,220,585,48.7500,61.9048,,
sweep,D-REL2,theta,0.24,all,2000,1745,1635,365,220,585,29.2500,33.5244,,
sweep,D-REL2,theta,0.25,benign,800,800,800,0,0,0,0.0000,0.0000,,
sweep,D-REL2,theta,0.25,V1,160,130,30,130,0,130,81.2500,100.0000,,
sweep,D-REL2,theta,0.25,V2,200,200,0,200,0,200,100.0000,100.0000,,
sweep,D-REL2,theta,0.25,V3,220,220,220,0,180,180,81.8182,81.8182,,
sweep,D-REL2,theta,0.25,V4,220,220,220,0,35,35,15.9091,15.9091,,
sweep,D-REL2,theta,0.25,V5,200,0,200,0,0,0,0.0000,,,
sweep,D-REL2,theta,0.25,V6,200,175,165,35,0,35,17.5000,20.0000,,
sweep,D-REL2,theta,0.25,violations_all,1200,945,835,365,215,580,48.3333,61.3757,,
sweep,D-REL2,theta,0.25,all,2000,1745,1635,365,215,580,29.0000,33.2378,,
sweep,D-REL2,theta,0.26,benign,800,800,800,0,0,0,0.0000,0.0000,,
sweep,D-REL2,theta,0.26,V1,160,130,30,130,0,130,81.2500,100.0000,,
sweep,D-REL2,theta,0.26,V2,200,200,0,200,0,200,100.0000,100.0000,,
sweep,D-REL2,theta,0.26,V3,220,220,220,0,179,179,81.3636,81.3636,,
sweep,D-REL2,theta,0.26,V4,220,220,220,0,35,35,15.9091,15.9091,,
sweep,D-REL2,theta,0.26,V5,200,0,200,0,0,0,0.0000,,,
sweep,D-REL2,theta,0.26,V6,200,175,165,35,0,35,17.5000,20.0000,,
sweep,D-REL2,theta,0.26,violations_all,1200,945,835,365,214,579,48.2500,61.2698,,
sweep,D-REL2,theta,0.26,all,2000,1745,1635,365,214,579,28.9500,33.1805,,
sweep,D-REL2,theta,0.27,benign,800,800,800,0,0,0,0.0000,0.0000,,
sweep,D-REL2,theta,0.27,V1,160,130,30,130,0,130,81.2500,100.0000,,
sweep,D-REL2,theta,0.27,V2,200,200,0,200,0,200,100.0000,100.0000,,
sweep,D-REL2,theta,0.27,V3,220,220,220,0,177,177,80.4545,80.4545,,
sweep,D-REL2,theta,0.27,V4,220,220,220,0,34,34,15.4545,15.4545,,
sweep,D-REL2,theta,0.27,V5,200,0,200,0,0,0,0.0000,,,
sweep,D-REL2,theta,0.27,V6,200,175,165,35,0,35,17.5000,20.0000,,
sweep,D-REL2,theta,0.27,violations_all,1200,945,835,365,211,576,48.0000,60.9524,,
sweep,D-REL2,theta,0.27,all,2000,1745,1635,365,211,576,28.8000,33.0086,,
sweep,D-REL2,theta,0.28,benign,800,800,800,0,0,0,0.0000,0.0000,,
sweep,D-REL2,theta,0.28,V1,160,130,30,130,0,130,81.2500,100.0000,,
sweep,D-REL2,theta,0.28,V2,200,200,0,200,0,200,100.0000,100.0000,,
sweep,D-REL2,theta,0.28,V3,220,220,220,0,172,172,78.1818,78.1818,,
sweep,D-REL2,theta,0.28,V4,220,220,220,0,32,32,14.5455,14.5455,,
sweep,D-REL2,theta,0.28,V5,200,0,200,0,0,0,0.0000,,,
sweep,D-REL2,theta,0.28,V6,200,175,165,35,0,35,17.5000,20.0000,,
sweep,D-REL2,theta,0.28,violations_all,1200,945,835,365,204,569,47.4167,60.2116,,
sweep,D-REL2,theta,0.28,all,2000,1745,1635,365,204,569,28.4500,32.6074,,
sweep,D-REL2,theta,0.29,benign,800,800,800,0,0,0,0.0000,0.0000,,
sweep,D-REL2,theta,0.29,V1,160,130,30,130,0,130,81.2500,100.0000,,
sweep,D-REL2,theta,0.29,V2,200,200,0,200,0,200,100.0000,100.0000,,
sweep,D-REL2,theta,0.29,V3,220,220,220,0,171,171,77.7273,77.7273,,
sweep,D-REL2,theta,0.29,V4,220,220,220,0,32,32,14.5455,14.5455,,
sweep,D-REL2,theta,0.29,V5,200,0,200,0,0,0,0.0000,,,
sweep,D-REL2,theta,0.29,V6,200,175,165,35,0,35,17.5000,20.0000,,
sweep,D-REL2,theta,0.29,violations_all,1200,945,835,365,203,568,47.3333,60.1058,,
sweep,D-REL2,theta,0.29,all,2000,1745,1635,365,203,568,28.4000,32.5501,,
sweep,D-REL2,theta,0.3,benign,800,800,800,0,0,0,0.0000,0.0000,,
sweep,D-REL2,theta,0.3,V1,160,130,30,130,0,130,81.2500,100.0000,,
sweep,D-REL2,theta,0.3,V2,200,200,0,200,0,200,100.0000,100.0000,,
sweep,D-REL2,theta,0.3,V3,220,220,220,0,171,171,77.7273,77.7273,,
sweep,D-REL2,theta,0.3,V4,220,220,220,0,32,32,14.5455,14.5455,,
sweep,D-REL2,theta,0.3,V5,200,0,200,0,0,0,0.0000,,,
sweep,D-REL2,theta,0.3,V6,200,175,165,35,0,35,17.5000,20.0000,,
sweep,D-REL2,theta,0.3,violations_all,1200,945,835,365,203,568,47.3333,60.1058,,
sweep,D-REL2,theta,0.3,all,2000,1745,1635,365,203,568,28.4000,32.5501,,
sweep,D-REL2,theta,0.31,benign,800,800,800,0,0,0,0.0000,0.0000,,
sweep,D-REL2,theta,0.31,V1,160,130,30,130,0,130,81.2500,100.0000,,
sweep,D-REL2,theta,0.31,V2,200,200,0,200,0,200,100.0000,100.0000,,
sweep,D-REL2,theta,0.31,V3,220,220,220,0,168,168,76.3636,76.3636,,
sweep,D-REL2,theta,0.31,V4,220,220,220,0,31,31,14.0909,14.0909,,
sweep,D-REL2,theta,0.31,V5,200,0,200,0,0,0,0.0000,,,
sweep,D-REL2,theta,0.31,V6,200,175,165,35,0,35,17.5000,20.0000,,
sweep,D-REL2,theta,0.31,violations_all,1200,945,835,365,199,564,47.0000,59.6825,,
sweep,D-REL2,theta,0.31,all,2000,1745,1635,365,199,564,28.2000,32.3209,,
sweep,D-REL2,theta,0.32,benign,800,800,800,0,0,0,0.0000,0.0000,,
sweep,D-REL2,theta,0.32,V1,160,130,30,130,0,130,81.2500,100.0000,,
sweep,D-REL2,theta,0.32,V2,200,200,0,200,0,200,100.0000,100.0000,,
sweep,D-REL2,theta,0.32,V3,220,220,220,0,165,165,75.0000,75.0000,,
sweep,D-REL2,theta,0.32,V4,220,220,220,0,31,31,14.0909,14.0909,,
sweep,D-REL2,theta,0.32,V5,200,0,200,0,0,0,0.0000,,,
sweep,D-REL2,theta,0.32,V6,200,175,165,35,0,35,17.5000,20.0000,,
sweep,D-REL2,theta,0.32,violations_all,1200,945,835,365,196,561,46.7500,59.3651,,
sweep,D-REL2,theta,0.32,all,2000,1745,1635,365,196,561,28.0500,32.1490,,
sweep,D-REL2,theta,0.33,benign,800,800,800,0,0,0,0.0000,0.0000,,
sweep,D-REL2,theta,0.33,V1,160,130,30,130,0,130,81.2500,100.0000,,
sweep,D-REL2,theta,0.33,V2,200,200,0,200,0,200,100.0000,100.0000,,
sweep,D-REL2,theta,0.33,V3,220,220,220,0,164,164,74.5455,74.5455,,
sweep,D-REL2,theta,0.33,V4,220,220,220,0,30,30,13.6364,13.6364,,
sweep,D-REL2,theta,0.33,V5,200,0,200,0,0,0,0.0000,,,
sweep,D-REL2,theta,0.33,V6,200,175,165,35,0,35,17.5000,20.0000,,
sweep,D-REL2,theta,0.33,violations_all,1200,945,835,365,194,559,46.5833,59.1534,,
sweep,D-REL2,theta,0.33,all,2000,1745,1635,365,194,559,27.9500,32.0344,,
sweep,D-REL2,theta,0.34,benign,800,800,800,0,0,0,0.0000,0.0000,,
sweep,D-REL2,theta,0.34,V1,160,130,30,130,0,130,81.2500,100.0000,,
sweep,D-REL2,theta,0.34,V2,200,200,0,200,0,200,100.0000,100.0000,,
sweep,D-REL2,theta,0.34,V3,220,220,220,0,163,163,74.0909,74.0909,,
sweep,D-REL2,theta,0.34,V4,220,220,220,0,28,28,12.7273,12.7273,,
sweep,D-REL2,theta,0.34,V5,200,0,200,0,0,0,0.0000,,,
sweep,D-REL2,theta,0.34,V6,200,175,165,35,0,35,17.5000,20.0000,,
sweep,D-REL2,theta,0.34,violations_all,1200,945,835,365,191,556,46.3333,58.8360,,
sweep,D-REL2,theta,0.34,all,2000,1745,1635,365,191,556,27.8000,31.8625,,
sweep,D-REL2,theta,0.35,benign,800,800,800,0,0,0,0.0000,0.0000,,
sweep,D-REL2,theta,0.35,V1,160,130,30,130,0,130,81.2500,100.0000,,
sweep,D-REL2,theta,0.35,V2,200,200,0,200,0,200,100.0000,100.0000,,
sweep,D-REL2,theta,0.35,V3,220,220,220,0,160,160,72.7273,72.7273,,
sweep,D-REL2,theta,0.35,V4,220,220,220,0,25,25,11.3636,11.3636,,
sweep,D-REL2,theta,0.35,V5,200,0,200,0,0,0,0.0000,,,
sweep,D-REL2,theta,0.35,V6,200,175,165,35,0,35,17.5000,20.0000,,
sweep,D-REL2,theta,0.35,violations_all,1200,945,835,365,185,550,45.8333,58.2011,,
sweep,D-REL2,theta,0.35,all,2000,1745,1635,365,185,550,27.5000,31.5186,,
sweep,D-REL2,theta,0.36,benign,800,800,800,0,0,0,0.0000,0.0000,,
sweep,D-REL2,theta,0.36,V1,160,130,30,130,0,130,81.2500,100.0000,,
sweep,D-REL2,theta,0.36,V2,200,200,0,200,0,200,100.0000,100.0000,,
sweep,D-REL2,theta,0.36,V3,220,220,220,0,155,155,70.4545,70.4545,,
sweep,D-REL2,theta,0.36,V4,220,220,220,0,24,24,10.9091,10.9091,,
sweep,D-REL2,theta,0.36,V5,200,0,200,0,0,0,0.0000,,,
sweep,D-REL2,theta,0.36,V6,200,175,165,35,0,35,17.5000,20.0000,,
sweep,D-REL2,theta,0.36,violations_all,1200,945,835,365,179,544,45.3333,57.5661,,
sweep,D-REL2,theta,0.36,all,2000,1745,1635,365,179,544,27.2000,31.1748,,
sweep,D-REL2,theta,0.37,benign,800,800,800,0,0,0,0.0000,0.0000,,
sweep,D-REL2,theta,0.37,V1,160,130,30,130,0,130,81.2500,100.0000,,
sweep,D-REL2,theta,0.37,V2,200,200,0,200,0,200,100.0000,100.0000,,
sweep,D-REL2,theta,0.37,V3,220,220,220,0,152,152,69.0909,69.0909,,
sweep,D-REL2,theta,0.37,V4,220,220,220,0,24,24,10.9091,10.9091,,
sweep,D-REL2,theta,0.37,V5,200,0,200,0,0,0,0.0000,,,
sweep,D-REL2,theta,0.37,V6,200,175,165,35,0,35,17.5000,20.0000,,
sweep,D-REL2,theta,0.37,violations_all,1200,945,835,365,176,541,45.0833,57.2487,,
sweep,D-REL2,theta,0.37,all,2000,1745,1635,365,176,541,27.0500,31.0029,,
sweep,D-REL2,theta,0.38,benign,800,800,800,0,0,0,0.0000,0.0000,,
sweep,D-REL2,theta,0.38,V1,160,130,30,130,0,130,81.2500,100.0000,,
sweep,D-REL2,theta,0.38,V2,200,200,0,200,0,200,100.0000,100.0000,,
sweep,D-REL2,theta,0.38,V3,220,220,220,0,149,149,67.7273,67.7273,,
sweep,D-REL2,theta,0.38,V4,220,220,220,0,23,23,10.4545,10.4545,,
sweep,D-REL2,theta,0.38,V5,200,0,200,0,0,0,0.0000,,,
sweep,D-REL2,theta,0.38,V6,200,175,165,35,0,35,17.5000,20.0000,,
sweep,D-REL2,theta,0.38,violations_all,1200,945,835,365,172,537,44.7500,56.8254,,
sweep,D-REL2,theta,0.38,all,2000,1745,1635,365,172,537,26.8500,30.7736,,
sweep,D-REL2,theta,0.39,benign,800,800,800,0,0,0,0.0000,0.0000,,
sweep,D-REL2,theta,0.39,V1,160,130,30,130,0,130,81.2500,100.0000,,
sweep,D-REL2,theta,0.39,V2,200,200,0,200,0,200,100.0000,100.0000,,
sweep,D-REL2,theta,0.39,V3,220,220,220,0,146,146,66.3636,66.3636,,
sweep,D-REL2,theta,0.39,V4,220,220,220,0,22,22,10.0000,10.0000,,
sweep,D-REL2,theta,0.39,V5,200,0,200,0,0,0,0.0000,,,
sweep,D-REL2,theta,0.39,V6,200,175,165,35,0,35,17.5000,20.0000,,
sweep,D-REL2,theta,0.39,violations_all,1200,945,835,365,168,533,44.4167,56.4021,,
sweep,D-REL2,theta,0.39,all,2000,1745,1635,365,168,533,26.6500,30.5444,,
sweep,D-REL2,theta,0.4,benign,800,800,800,0,0,0,0.0000,0.0000,,
sweep,D-REL2,theta,0.4,V1,160,130,30,130,0,130,81.2500,100.0000,,
sweep,D-REL2,theta,0.4,V2,200,200,0,200,0,200,100.0000,100.0000,,
sweep,D-REL2,theta,0.4,V3,220,220,220,0,144,144,65.4545,65.4545,,
sweep,D-REL2,theta,0.4,V4,220,220,220,0,22,22,10.0000,10.0000,,
sweep,D-REL2,theta,0.4,V5,200,0,200,0,0,0,0.0000,,,
sweep,D-REL2,theta,0.4,V6,200,175,165,35,0,35,17.5000,20.0000,,
sweep,D-REL2,theta,0.4,violations_all,1200,945,835,365,166,531,44.2500,56.1905,,
sweep,D-REL2,theta,0.4,all,2000,1745,1635,365,166,531,26.5500,30.4298,,
sweep,D-REL2,theta,0.41,benign,800,800,800,0,0,0,0.0000,0.0000,,
sweep,D-REL2,theta,0.41,V1,160,130,30,130,0,130,81.2500,100.0000,,
sweep,D-REL2,theta,0.41,V2,200,200,0,200,0,200,100.0000,100.0000,,
sweep,D-REL2,theta,0.41,V3,220,220,220,0,144,144,65.4545,65.4545,,
sweep,D-REL2,theta,0.41,V4,220,220,220,0,21,21,9.5455,9.5455,,
sweep,D-REL2,theta,0.41,V5,200,0,200,0,0,0,0.0000,,,
sweep,D-REL2,theta,0.41,V6,200,175,165,35,0,35,17.5000,20.0000,,
sweep,D-REL2,theta,0.41,violations_all,1200,945,835,365,165,530,44.1667,56.0847,,
sweep,D-REL2,theta,0.41,all,2000,1745,1635,365,165,530,26.5000,30.3725,,
sweep,D-REL2,theta,0.42,benign,800,800,800,0,0,0,0.0000,0.0000,,
sweep,D-REL2,theta,0.42,V1,160,130,30,130,0,130,81.2500,100.0000,,
sweep,D-REL2,theta,0.42,V2,200,200,0,200,0,200,100.0000,100.0000,,
sweep,D-REL2,theta,0.42,V3,220,220,220,0,141,141,64.0909,64.0909,,
sweep,D-REL2,theta,0.42,V4,220,220,220,0,21,21,9.5455,9.5455,,
sweep,D-REL2,theta,0.42,V5,200,0,200,0,0,0,0.0000,,,
sweep,D-REL2,theta,0.42,V6,200,175,165,35,0,35,17.5000,20.0000,,
sweep,D-REL2,theta,0.42,violations_all,1200,945,835,365,162,527,43.9167,55.7672,,
sweep,D-REL2,theta,0.42,all,2000,1745,1635,365,162,527,26.3500,30.2006,,
sweep,D-REL2,theta,0.43,benign,800,800,800,0,0,0,0.0000,0.0000,,
sweep,D-REL2,theta,0.43,V1,160,130,30,130,0,130,81.2500,100.0000,,
sweep,D-REL2,theta,0.43,V2,200,200,0,200,0,200,100.0000,100.0000,,
sweep,D-REL2,theta,0.43,V3,220,220,220,0,134,134,60.9091,60.9091,,
sweep,D-REL2,theta,0.43,V4,220,220,220,0,20,20,9.0909,9.0909,,
sweep,D-REL2,theta,0.43,V5,200,0,200,0,0,0,0.0000,,,
sweep,D-REL2,theta,0.43,V6,200,175,165,35,0,35,17.5000,20.0000,,
sweep,D-REL2,theta,0.43,violations_all,1200,945,835,365,154,519,43.2500,54.9206,,
sweep,D-REL2,theta,0.43,all,2000,1745,1635,365,154,519,25.9500,29.7421,,
sweep,D-REL2,theta,0.44,benign,800,800,800,0,0,0,0.0000,0.0000,,
sweep,D-REL2,theta,0.44,V1,160,130,30,130,0,130,81.2500,100.0000,,
sweep,D-REL2,theta,0.44,V2,200,200,0,200,0,200,100.0000,100.0000,,
sweep,D-REL2,theta,0.44,V3,220,220,220,0,133,133,60.4545,60.4545,,
sweep,D-REL2,theta,0.44,V4,220,220,220,0,20,20,9.0909,9.0909,,
sweep,D-REL2,theta,0.44,V5,200,0,200,0,0,0,0.0000,,,
sweep,D-REL2,theta,0.44,V6,200,175,165,35,0,35,17.5000,20.0000,,
sweep,D-REL2,theta,0.44,violations_all,1200,945,835,365,153,518,43.1667,54.8148,,
sweep,D-REL2,theta,0.44,all,2000,1745,1635,365,153,518,25.9000,29.6848,,
sweep,D-REL2,theta,0.45,benign,800,800,800,0,0,0,0.0000,0.0000,,
sweep,D-REL2,theta,0.45,V1,160,130,30,130,0,130,81.2500,100.0000,,
sweep,D-REL2,theta,0.45,V2,200,200,0,200,0,200,100.0000,100.0000,,
sweep,D-REL2,theta,0.45,V3,220,220,220,0,128,128,58.1818,58.1818,,
sweep,D-REL2,theta,0.45,V4,220,220,220,0,20,20,9.0909,9.0909,,
sweep,D-REL2,theta,0.45,V5,200,0,200,0,0,0,0.0000,,,
sweep,D-REL2,theta,0.45,V6,200,175,165,35,0,35,17.5000,20.0000,,
sweep,D-REL2,theta,0.45,violations_all,1200,945,835,365,148,513,42.7500,54.2857,,
sweep,D-REL2,theta,0.45,all,2000,1745,1635,365,148,513,25.6500,29.3983,,
sweep,D-REL2,theta,0.46,benign,800,800,800,0,0,0,0.0000,0.0000,,
sweep,D-REL2,theta,0.46,V1,160,130,30,130,0,130,81.2500,100.0000,,
sweep,D-REL2,theta,0.46,V2,200,200,0,200,0,200,100.0000,100.0000,,
sweep,D-REL2,theta,0.46,V3,220,220,220,0,125,125,56.8182,56.8182,,
sweep,D-REL2,theta,0.46,V4,220,220,220,0,20,20,9.0909,9.0909,,
sweep,D-REL2,theta,0.46,V5,200,0,200,0,0,0,0.0000,,,
sweep,D-REL2,theta,0.46,V6,200,175,165,35,0,35,17.5000,20.0000,,
sweep,D-REL2,theta,0.46,violations_all,1200,945,835,365,145,510,42.5000,53.9683,,
sweep,D-REL2,theta,0.46,all,2000,1745,1635,365,145,510,25.5000,29.2264,,
sweep,D-REL2,theta,0.47,benign,800,800,800,0,0,0,0.0000,0.0000,,
sweep,D-REL2,theta,0.47,V1,160,130,30,130,0,130,81.2500,100.0000,,
sweep,D-REL2,theta,0.47,V2,200,200,0,200,0,200,100.0000,100.0000,,
sweep,D-REL2,theta,0.47,V3,220,220,220,0,124,124,56.3636,56.3636,,
sweep,D-REL2,theta,0.47,V4,220,220,220,0,20,20,9.0909,9.0909,,
sweep,D-REL2,theta,0.47,V5,200,0,200,0,0,0,0.0000,,,
sweep,D-REL2,theta,0.47,V6,200,175,165,35,0,35,17.5000,20.0000,,
sweep,D-REL2,theta,0.47,violations_all,1200,945,835,365,144,509,42.4167,53.8624,,
sweep,D-REL2,theta,0.47,all,2000,1745,1635,365,144,509,25.4500,29.1691,,
sweep,D-REL2,theta,0.48,benign,800,800,800,0,0,0,0.0000,0.0000,,
sweep,D-REL2,theta,0.48,V1,160,130,30,130,0,130,81.2500,100.0000,,
sweep,D-REL2,theta,0.48,V2,200,200,0,200,0,200,100.0000,100.0000,,
sweep,D-REL2,theta,0.48,V3,220,220,220,0,122,122,55.4545,55.4545,,
sweep,D-REL2,theta,0.48,V4,220,220,220,0,20,20,9.0909,9.0909,,
sweep,D-REL2,theta,0.48,V5,200,0,200,0,0,0,0.0000,,,
sweep,D-REL2,theta,0.48,V6,200,175,165,35,0,35,17.5000,20.0000,,
sweep,D-REL2,theta,0.48,violations_all,1200,945,835,365,142,507,42.2500,53.6508,,
sweep,D-REL2,theta,0.48,all,2000,1745,1635,365,142,507,25.3500,29.0544,,
sweep,D-REL2,theta,0.49,benign,800,800,800,0,0,0,0.0000,0.0000,,
sweep,D-REL2,theta,0.49,V1,160,130,30,130,0,130,81.2500,100.0000,,
sweep,D-REL2,theta,0.49,V2,200,200,0,200,0,200,100.0000,100.0000,,
sweep,D-REL2,theta,0.49,V3,220,220,220,0,122,122,55.4545,55.4545,,
sweep,D-REL2,theta,0.49,V4,220,220,220,0,18,18,8.1818,8.1818,,
sweep,D-REL2,theta,0.49,V5,200,0,200,0,0,0,0.0000,,,
sweep,D-REL2,theta,0.49,V6,200,175,165,35,0,35,17.5000,20.0000,,
sweep,D-REL2,theta,0.49,violations_all,1200,945,835,365,140,505,42.0833,53.4392,,
sweep,D-REL2,theta,0.49,all,2000,1745,1635,365,140,505,25.2500,28.9398,,
sweep,D-REL2,theta,0.5,benign,800,800,800,0,0,0,0.0000,0.0000,,
sweep,D-REL2,theta,0.5,V1,160,130,30,130,0,130,81.2500,100.0000,,
sweep,D-REL2,theta,0.5,V2,200,200,0,200,0,200,100.0000,100.0000,,
sweep,D-REL2,theta,0.5,V3,220,220,220,0,119,119,54.0909,54.0909,,
sweep,D-REL2,theta,0.5,V4,220,220,220,0,18,18,8.1818,8.1818,,
sweep,D-REL2,theta,0.5,V5,200,0,200,0,0,0,0.0000,,,
sweep,D-REL2,theta,0.5,V6,200,175,165,35,0,35,17.5000,20.0000,,
sweep,D-REL2,theta,0.5,violations_all,1200,945,835,365,137,502,41.8333,53.1217,,
sweep,D-REL2,theta,0.5,all,2000,1745,1635,365,137,502,25.1000,28.7679,,
sweep,D-REL2,theta,1,benign,800,800,800,0,0,0,0.0000,0.0000,,
sweep,D-REL2,theta,1,V1,160,130,30,130,0,130,81.2500,100.0000,,
sweep,D-REL2,theta,1,V2,200,200,0,200,0,200,100.0000,100.0000,,
sweep,D-REL2,theta,1,V3,220,220,220,0,54,54,24.5455,24.5455,,
sweep,D-REL2,theta,1,V4,220,220,220,0,5,5,2.2727,2.2727,,
sweep,D-REL2,theta,1,V5,200,0,200,0,0,0,0.0000,,,
sweep,D-REL2,theta,1,V6,200,175,165,35,0,35,17.5000,20.0000,,
sweep,D-REL2,theta,1,violations_all,1200,945,835,365,59,424,35.3333,44.8677,,
sweep,D-REL2,theta,1,all,2000,1745,1635,365,59,424,21.2000,24.2980,,
sweep,D-ABS,A_bh,0.5,benign,800,800,800,0,21,21,2.6250,2.6250,,
sweep,D-ABS,A_bh,0.5,V1,160,130,30,130,0,130,81.2500,100.0000,,
sweep,D-ABS,A_bh,0.5,V2,200,200,0,200,0,200,100.0000,100.0000,,
sweep,D-ABS,A_bh,0.5,V3,220,220,220,0,220,220,100.0000,100.0000,,
sweep,D-ABS,A_bh,0.5,V4,220,220,220,0,55,55,25.0000,25.0000,,
sweep,D-ABS,A_bh,0.5,V5,200,0,200,0,0,0,0.0000,,,
sweep,D-ABS,A_bh,0.5,V6,200,175,165,35,15,50,25.0000,28.5714,,
sweep,D-ABS,A_bh,0.5,violations_all,1200,945,835,365,290,655,54.5833,69.3122,,
sweep,D-ABS,A_bh,0.5,all,2000,1745,1635,365,311,676,33.8000,38.7393,,
sweep,D-ABS,A_bh,0.6371,benign,800,800,800,0,21,21,2.6250,2.6250,,
sweep,D-ABS,A_bh,0.6371,V1,160,130,30,130,0,130,81.2500,100.0000,,
sweep,D-ABS,A_bh,0.6371,V2,200,200,0,200,0,200,100.0000,100.0000,,
sweep,D-ABS,A_bh,0.6371,V3,220,220,220,0,220,220,100.0000,100.0000,,
sweep,D-ABS,A_bh,0.6371,V4,220,220,220,0,55,55,25.0000,25.0000,,
sweep,D-ABS,A_bh,0.6371,V5,200,0,200,0,0,0,0.0000,,,
sweep,D-ABS,A_bh,0.6371,V6,200,175,165,35,15,50,25.0000,28.5714,,
sweep,D-ABS,A_bh,0.6371,violations_all,1200,945,835,365,290,655,54.5833,69.3122,,
sweep,D-ABS,A_bh,0.6371,all,2000,1745,1635,365,311,676,33.8000,38.7393,,
sweep,D-ABS,A_bh,0.8119,benign,800,800,800,0,21,21,2.6250,2.6250,,
sweep,D-ABS,A_bh,0.8119,V1,160,130,30,130,0,130,81.2500,100.0000,,
sweep,D-ABS,A_bh,0.8119,V2,200,200,0,200,0,200,100.0000,100.0000,,
sweep,D-ABS,A_bh,0.8119,V3,220,220,220,0,220,220,100.0000,100.0000,,
sweep,D-ABS,A_bh,0.8119,V4,220,220,220,0,55,55,25.0000,25.0000,,
sweep,D-ABS,A_bh,0.8119,V5,200,0,200,0,0,0,0.0000,,,
sweep,D-ABS,A_bh,0.8119,V6,200,175,165,35,15,50,25.0000,28.5714,,
sweep,D-ABS,A_bh,0.8119,violations_all,1200,945,835,365,290,655,54.5833,69.3122,,
sweep,D-ABS,A_bh,0.8119,all,2000,1745,1635,365,311,676,33.8000,38.7393,,
sweep,D-ABS,A_bh,1.0346,benign,800,800,800,0,19,19,2.3750,2.3750,,
sweep,D-ABS,A_bh,1.0346,V1,160,130,30,130,0,130,81.2500,100.0000,,
sweep,D-ABS,A_bh,1.0346,V2,200,200,0,200,0,200,100.0000,100.0000,,
sweep,D-ABS,A_bh,1.0346,V3,220,220,220,0,220,220,100.0000,100.0000,,
sweep,D-ABS,A_bh,1.0346,V4,220,220,220,0,54,54,24.5455,24.5455,,
sweep,D-ABS,A_bh,1.0346,V5,200,0,200,0,0,0,0.0000,,,
sweep,D-ABS,A_bh,1.0346,V6,200,175,165,35,15,50,25.0000,28.5714,,
sweep,D-ABS,A_bh,1.0346,violations_all,1200,945,835,365,289,654,54.5000,69.2063,,
sweep,D-ABS,A_bh,1.0346,all,2000,1745,1635,365,308,673,33.6500,38.5673,,
sweep,D-ABS,A_bh,1.3183,benign,800,800,800,0,16,16,2.0000,2.0000,,
sweep,D-ABS,A_bh,1.3183,V1,160,130,30,130,0,130,81.2500,100.0000,,
sweep,D-ABS,A_bh,1.3183,V2,200,200,0,200,0,200,100.0000,100.0000,,
sweep,D-ABS,A_bh,1.3183,V3,220,220,220,0,220,220,100.0000,100.0000,,
sweep,D-ABS,A_bh,1.3183,V4,220,220,220,0,54,54,24.5455,24.5455,,
sweep,D-ABS,A_bh,1.3183,V5,200,0,200,0,0,0,0.0000,,,
sweep,D-ABS,A_bh,1.3183,V6,200,175,165,35,15,50,25.0000,28.5714,,
sweep,D-ABS,A_bh,1.3183,violations_all,1200,945,835,365,289,654,54.5000,69.2063,,
sweep,D-ABS,A_bh,1.3183,all,2000,1745,1635,365,305,670,33.5000,38.3954,,
sweep,D-ABS,A_bh,1.6799,benign,800,800,800,0,16,16,2.0000,2.0000,,
sweep,D-ABS,A_bh,1.6799,V1,160,130,30,130,0,130,81.2500,100.0000,,
sweep,D-ABS,A_bh,1.6799,V2,200,200,0,200,0,200,100.0000,100.0000,,
sweep,D-ABS,A_bh,1.6799,V3,220,220,220,0,220,220,100.0000,100.0000,,
sweep,D-ABS,A_bh,1.6799,V4,220,220,220,0,53,53,24.0909,24.0909,,
sweep,D-ABS,A_bh,1.6799,V5,200,0,200,0,0,0,0.0000,,,
sweep,D-ABS,A_bh,1.6799,V6,200,175,165,35,15,50,25.0000,28.5714,,
sweep,D-ABS,A_bh,1.6799,violations_all,1200,945,835,365,288,653,54.4167,69.1005,,
sweep,D-ABS,A_bh,1.6799,all,2000,1745,1635,365,304,669,33.4500,38.3381,,
sweep,D-ABS,A_bh,2.1407,benign,800,800,800,0,16,16,2.0000,2.0000,,
sweep,D-ABS,A_bh,2.1407,V1,160,130,30,130,0,130,81.2500,100.0000,,
sweep,D-ABS,A_bh,2.1407,V2,200,200,0,200,0,200,100.0000,100.0000,,
sweep,D-ABS,A_bh,2.1407,V3,220,220,220,0,220,220,100.0000,100.0000,,
sweep,D-ABS,A_bh,2.1407,V4,220,220,220,0,52,52,23.6364,23.6364,,
sweep,D-ABS,A_bh,2.1407,V5,200,0,200,0,0,0,0.0000,,,
sweep,D-ABS,A_bh,2.1407,V6,200,175,165,35,15,50,25.0000,28.5714,,
sweep,D-ABS,A_bh,2.1407,violations_all,1200,945,835,365,287,652,54.3333,68.9947,,
sweep,D-ABS,A_bh,2.1407,all,2000,1745,1635,365,303,668,33.4000,38.2808,,
sweep,D-ABS,A_bh,2.7278,benign,800,800,800,0,15,15,1.8750,1.8750,,
sweep,D-ABS,A_bh,2.7278,V1,160,130,30,130,0,130,81.2500,100.0000,,
sweep,D-ABS,A_bh,2.7278,V2,200,200,0,200,0,200,100.0000,100.0000,,
sweep,D-ABS,A_bh,2.7278,V3,220,220,220,0,220,220,100.0000,100.0000,,
sweep,D-ABS,A_bh,2.7278,V4,220,220,220,0,52,52,23.6364,23.6364,,
sweep,D-ABS,A_bh,2.7278,V5,200,0,200,0,0,0,0.0000,,,
sweep,D-ABS,A_bh,2.7278,V6,200,175,165,35,15,50,25.0000,28.5714,,
sweep,D-ABS,A_bh,2.7278,violations_all,1200,945,835,365,287,652,54.3333,68.9947,,
sweep,D-ABS,A_bh,2.7278,all,2000,1745,1635,365,302,667,33.3500,38.2235,,
sweep,D-ABS,A_bh,3.476,benign,800,800,800,0,15,15,1.8750,1.8750,,
sweep,D-ABS,A_bh,3.476,V1,160,130,30,130,0,130,81.2500,100.0000,,
sweep,D-ABS,A_bh,3.476,V2,200,200,0,200,0,200,100.0000,100.0000,,
sweep,D-ABS,A_bh,3.476,V3,220,220,220,0,220,220,100.0000,100.0000,,
sweep,D-ABS,A_bh,3.476,V4,220,220,220,0,52,52,23.6364,23.6364,,
sweep,D-ABS,A_bh,3.476,V5,200,0,200,0,0,0,0.0000,,,
sweep,D-ABS,A_bh,3.476,V6,200,175,165,35,15,50,25.0000,28.5714,,
sweep,D-ABS,A_bh,3.476,violations_all,1200,945,835,365,287,652,54.3333,68.9947,,
sweep,D-ABS,A_bh,3.476,all,2000,1745,1635,365,302,667,33.3500,38.2235,,
sweep,D-ABS,A_bh,4.4293,benign,800,800,800,0,15,15,1.8750,1.8750,,
sweep,D-ABS,A_bh,4.4293,V1,160,130,30,130,0,130,81.2500,100.0000,,
sweep,D-ABS,A_bh,4.4293,V2,200,200,0,200,0,200,100.0000,100.0000,,
sweep,D-ABS,A_bh,4.4293,V3,220,220,220,0,219,219,99.5455,99.5455,,
sweep,D-ABS,A_bh,4.4293,V4,220,220,220,0,51,51,23.1818,23.1818,,
sweep,D-ABS,A_bh,4.4293,V5,200,0,200,0,0,0,0.0000,,,
sweep,D-ABS,A_bh,4.4293,V6,200,175,165,35,15,50,25.0000,28.5714,,
sweep,D-ABS,A_bh,4.4293,violations_all,1200,945,835,365,285,650,54.1667,68.7831,,
sweep,D-ABS,A_bh,4.4293,all,2000,1745,1635,365,300,665,33.2500,38.1089,,
sweep,D-ABS,A_bh,5.6442,benign,800,800,800,0,15,15,1.8750,1.8750,,
sweep,D-ABS,A_bh,5.6442,V1,160,130,30,130,0,130,81.2500,100.0000,,
sweep,D-ABS,A_bh,5.6442,V2,200,200,0,200,0,200,100.0000,100.0000,,
sweep,D-ABS,A_bh,5.6442,V3,220,220,220,0,219,219,99.5455,99.5455,,
sweep,D-ABS,A_bh,5.6442,V4,220,220,220,0,51,51,23.1818,23.1818,,
sweep,D-ABS,A_bh,5.6442,V5,200,0,200,0,0,0,0.0000,,,
sweep,D-ABS,A_bh,5.6442,V6,200,175,165,35,15,50,25.0000,28.5714,,
sweep,D-ABS,A_bh,5.6442,violations_all,1200,945,835,365,285,650,54.1667,68.7831,,
sweep,D-ABS,A_bh,5.6442,all,2000,1745,1635,365,300,665,33.2500,38.1089,,
sweep,D-ABS,A_bh,7.1922,benign,800,800,800,0,14,14,1.7500,1.7500,,
sweep,D-ABS,A_bh,7.1922,V1,160,130,30,130,0,130,81.2500,100.0000,,
sweep,D-ABS,A_bh,7.1922,V2,200,200,0,200,0,200,100.0000,100.0000,,
sweep,D-ABS,A_bh,7.1922,V3,220,220,220,0,219,219,99.5455,99.5455,,
sweep,D-ABS,A_bh,7.1922,V4,220,220,220,0,50,50,22.7273,22.7273,,
sweep,D-ABS,A_bh,7.1922,V5,200,0,200,0,0,0,0.0000,,,
sweep,D-ABS,A_bh,7.1922,V6,200,175,165,35,15,50,25.0000,28.5714,,
sweep,D-ABS,A_bh,7.1922,violations_all,1200,945,835,365,284,649,54.0833,68.6772,,
sweep,D-ABS,A_bh,7.1922,all,2000,1745,1635,365,298,663,33.1500,37.9943,,
sweep,D-ABS,A_bh,9.1649,benign,800,800,800,0,13,13,1.6250,1.6250,,
sweep,D-ABS,A_bh,9.1649,V1,160,130,30,130,0,130,81.2500,100.0000,,
sweep,D-ABS,A_bh,9.1649,V2,200,200,0,200,0,200,100.0000,100.0000,,
sweep,D-ABS,A_bh,9.1649,V3,220,220,220,0,219,219,99.5455,99.5455,,
sweep,D-ABS,A_bh,9.1649,V4,220,220,220,0,50,50,22.7273,22.7273,,
sweep,D-ABS,A_bh,9.1649,V5,200,0,200,0,0,0,0.0000,,,
sweep,D-ABS,A_bh,9.1649,V6,200,175,165,35,15,50,25.0000,28.5714,,
sweep,D-ABS,A_bh,9.1649,violations_all,1200,945,835,365,284,649,54.0833,68.6772,,
sweep,D-ABS,A_bh,9.1649,all,2000,1745,1635,365,297,662,33.1000,37.9370,,
sweep,D-ABS,A_bh,11.6786,benign,800,800,800,0,13,13,1.6250,1.6250,,
sweep,D-ABS,A_bh,11.6786,V1,160,130,30,130,0,130,81.2500,100.0000,,
sweep,D-ABS,A_bh,11.6786,V2,200,200,0,200,0,200,100.0000,100.0000,,
sweep,D-ABS,A_bh,11.6786,V3,220,220,220,0,216,216,98.1818,98.1818,,
sweep,D-ABS,A_bh,11.6786,V4,220,220,220,0,48,48,21.8182,21.8182,,
sweep,D-ABS,A_bh,11.6786,V5,200,0,200,0,0,0,0.0000,,,
sweep,D-ABS,A_bh,11.6786,V6,200,175,165,35,15,50,25.0000,28.5714,,
sweep,D-ABS,A_bh,11.6786,violations_all,1200,945,835,365,279,644,53.6667,68.1481,,
sweep,D-ABS,A_bh,11.6786,all,2000,1745,1635,365,292,657,32.8500,37.6504,,
sweep,D-ABS,A_bh,14.8818,benign,800,800,800,0,13,13,1.6250,1.6250,,
sweep,D-ABS,A_bh,14.8818,V1,160,130,30,130,0,130,81.2500,100.0000,,
sweep,D-ABS,A_bh,14.8818,V2,200,200,0,200,0,200,100.0000,100.0000,,
sweep,D-ABS,A_bh,14.8818,V3,220,220,220,0,207,207,94.0909,94.0909,,
sweep,D-ABS,A_bh,14.8818,V4,220,220,220,0,46,46,20.9091,20.9091,,
sweep,D-ABS,A_bh,14.8818,V5,200,0,200,0,0,0,0.0000,,,
sweep,D-ABS,A_bh,14.8818,V6,200,175,165,35,15,50,25.0000,28.5714,,
sweep,D-ABS,A_bh,14.8818,violations_all,1200,945,835,365,268,633,52.7500,66.9841,,
sweep,D-ABS,A_bh,14.8818,all,2000,1745,1635,365,281,646,32.3000,37.0201,,
sweep,D-ABS,A_bh,18.9635,benign,800,800,800,0,13,13,1.6250,1.6250,,
sweep,D-ABS,A_bh,18.9635,V1,160,130,30,130,0,130,81.2500,100.0000,,
sweep,D-ABS,A_bh,18.9635,V2,200,200,0,200,0,200,100.0000,100.0000,,
sweep,D-ABS,A_bh,18.9635,V3,220,220,220,0,203,203,92.2727,92.2727,,
sweep,D-ABS,A_bh,18.9635,V4,220,220,220,0,45,45,20.4545,20.4545,,
sweep,D-ABS,A_bh,18.9635,V5,200,0,200,0,0,0,0.0000,,,
sweep,D-ABS,A_bh,18.9635,V6,200,175,165,35,15,50,25.0000,28.5714,,
sweep,D-ABS,A_bh,18.9635,violations_all,1200,945,835,365,263,628,52.3333,66.4550,,
sweep,D-ABS,A_bh,18.9635,all,2000,1745,1635,365,276,641,32.0500,36.7335,,
sweep,D-ABS,A_bh,24.1647,benign,800,800,800,0,12,12,1.5000,1.5000,,
sweep,D-ABS,A_bh,24.1647,V1,160,130,30,130,0,130,81.2500,100.0000,,
sweep,D-ABS,A_bh,24.1647,V2,200,200,0,200,0,200,100.0000,100.0000,,
sweep,D-ABS,A_bh,24.1647,V3,220,220,220,0,196,196,89.0909,89.0909,,
sweep,D-ABS,A_bh,24.1647,V4,220,220,220,0,44,44,20.0000,20.0000,,
sweep,D-ABS,A_bh,24.1647,V5,200,0,200,0,0,0,0.0000,,,
sweep,D-ABS,A_bh,24.1647,V6,200,175,165,35,15,50,25.0000,28.5714,,
sweep,D-ABS,A_bh,24.1647,violations_all,1200,945,835,365,255,620,51.6667,65.6085,,
sweep,D-ABS,A_bh,24.1647,all,2000,1745,1635,365,267,632,31.6000,36.2178,,
sweep,D-ABS,A_bh,30.7924,benign,800,800,800,0,12,12,1.5000,1.5000,,
sweep,D-ABS,A_bh,30.7924,V1,160,130,30,130,0,130,81.2500,100.0000,,
sweep,D-ABS,A_bh,30.7924,V2,200,200,0,200,0,200,100.0000,100.0000,,
sweep,D-ABS,A_bh,30.7924,V3,220,220,220,0,192,192,87.2727,87.2727,,
sweep,D-ABS,A_bh,30.7924,V4,220,220,220,0,42,42,19.0909,19.0909,,
sweep,D-ABS,A_bh,30.7924,V5,200,0,200,0,0,0,0.0000,,,
sweep,D-ABS,A_bh,30.7924,V6,200,175,165,35,15,50,25.0000,28.5714,,
sweep,D-ABS,A_bh,30.7924,violations_all,1200,945,835,365,249,614,51.1667,64.9735,,
sweep,D-ABS,A_bh,30.7924,all,2000,1745,1635,365,261,626,31.3000,35.8739,,
sweep,D-ABS,A_bh,39.238,benign,800,800,800,0,11,11,1.3750,1.3750,,
sweep,D-ABS,A_bh,39.238,V1,160,130,30,130,0,130,81.2500,100.0000,,
sweep,D-ABS,A_bh,39.238,V2,200,200,0,200,0,200,100.0000,100.0000,,
sweep,D-ABS,A_bh,39.238,V3,220,220,220,0,182,182,82.7273,82.7273,,
sweep,D-ABS,A_bh,39.238,V4,220,220,220,0,38,38,17.2727,17.2727,,
sweep,D-ABS,A_bh,39.238,V5,200,0,200,0,0,0,0.0000,,,
sweep,D-ABS,A_bh,39.238,V6,200,175,165,35,14,49,24.5000,28.0000,,
sweep,D-ABS,A_bh,39.238,violations_all,1200,945,835,365,234,599,49.9167,63.3862,,
sweep,D-ABS,A_bh,39.238,all,2000,1745,1635,365,245,610,30.5000,34.9570,,
sweep,D-ABS,A_bh,50,benign,800,800,800,0,11,11,1.3750,1.3750,,
sweep,D-ABS,A_bh,50,V1,160,130,30,130,0,130,81.2500,100.0000,,
sweep,D-ABS,A_bh,50,V2,200,200,0,200,0,200,100.0000,100.0000,,
sweep,D-ABS,A_bh,50,V3,220,220,220,0,176,176,80.0000,80.0000,,
sweep,D-ABS,A_bh,50,V4,220,220,220,0,36,36,16.3636,16.3636,,
sweep,D-ABS,A_bh,50,V5,200,0,200,0,0,0,0.0000,,,
sweep,D-ABS,A_bh,50,V6,200,175,165,35,14,49,24.5000,28.0000,,
sweep,D-ABS,A_bh,50,violations_all,1200,945,835,365,226,591,49.2500,62.5397,,
sweep,D-ABS,A_bh,50,all,2000,1745,1635,365,237,602,30.1000,34.4986,,
sweep,D-REL1-ORIG,theta,0.02,benign,800,800,800,0,0,0,0.0000,0.0000,,
sweep,D-REL1-ORIG,theta,0.02,V1,160,130,30,130,0,130,81.2500,100.0000,,
sweep,D-REL1-ORIG,theta,0.02,V2,200,200,0,200,0,200,100.0000,100.0000,,
sweep,D-REL1-ORIG,theta,0.02,V3,220,220,220,0,217,217,98.6364,98.6364,,
sweep,D-REL1-ORIG,theta,0.02,V4,220,220,220,0,83,83,37.7273,37.7273,,
sweep,D-REL1-ORIG,theta,0.02,V5,200,0,200,0,0,0,0.0000,,,
sweep,D-REL1-ORIG,theta,0.02,V6,200,175,165,35,0,35,17.5000,20.0000,,
sweep,D-REL1-ORIG,theta,0.02,violations_all,1200,945,835,365,300,665,55.4167,70.3704,,
sweep,D-REL1-ORIG,theta,0.02,all,2000,1745,1635,365,300,665,33.2500,38.1089,,
sweep,D-REL1-ORIG,theta,0.03,benign,800,800,800,0,0,0,0.0000,0.0000,,
sweep,D-REL1-ORIG,theta,0.03,V1,160,130,30,130,0,130,81.2500,100.0000,,
sweep,D-REL1-ORIG,theta,0.03,V2,200,200,0,200,0,200,100.0000,100.0000,,
sweep,D-REL1-ORIG,theta,0.03,V3,220,220,220,0,214,214,97.2727,97.2727,,
sweep,D-REL1-ORIG,theta,0.03,V4,220,220,220,0,82,82,37.2727,37.2727,,
sweep,D-REL1-ORIG,theta,0.03,V5,200,0,200,0,0,0,0.0000,,,
sweep,D-REL1-ORIG,theta,0.03,V6,200,175,165,35,0,35,17.5000,20.0000,,
sweep,D-REL1-ORIG,theta,0.03,violations_all,1200,945,835,365,296,661,55.0833,69.9471,,
sweep,D-REL1-ORIG,theta,0.03,all,2000,1745,1635,365,296,661,33.0500,37.8797,,
sweep,D-REL1-ORIG,theta,0.04,benign,800,800,800,0,0,0,0.0000,0.0000,,
sweep,D-REL1-ORIG,theta,0.04,V1,160,130,30,130,0,130,81.2500,100.0000,,
sweep,D-REL1-ORIG,theta,0.04,V2,200,200,0,200,0,200,100.0000,100.0000,,
sweep,D-REL1-ORIG,theta,0.04,V3,220,220,220,0,214,214,97.2727,97.2727,,
sweep,D-REL1-ORIG,theta,0.04,V4,220,220,220,0,81,81,36.8182,36.8182,,
sweep,D-REL1-ORIG,theta,0.04,V5,200,0,200,0,0,0,0.0000,,,
sweep,D-REL1-ORIG,theta,0.04,V6,200,175,165,35,0,35,17.5000,20.0000,,
sweep,D-REL1-ORIG,theta,0.04,violations_all,1200,945,835,365,295,660,55.0000,69.8413,,
sweep,D-REL1-ORIG,theta,0.04,all,2000,1745,1635,365,295,660,33.0000,37.8223,,
sweep,D-REL1-ORIG,theta,0.05,benign,800,800,800,0,0,0,0.0000,0.0000,,
sweep,D-REL1-ORIG,theta,0.05,V1,160,130,30,130,0,130,81.2500,100.0000,,
sweep,D-REL1-ORIG,theta,0.05,V2,200,200,0,200,0,200,100.0000,100.0000,,
sweep,D-REL1-ORIG,theta,0.05,V3,220,220,220,0,213,213,96.8182,96.8182,,
sweep,D-REL1-ORIG,theta,0.05,V4,220,220,220,0,80,80,36.3636,36.3636,,
sweep,D-REL1-ORIG,theta,0.05,V5,200,0,200,0,0,0,0.0000,,,
sweep,D-REL1-ORIG,theta,0.05,V6,200,175,165,35,0,35,17.5000,20.0000,,
sweep,D-REL1-ORIG,theta,0.05,violations_all,1200,945,835,365,293,658,54.8333,69.6296,,
sweep,D-REL1-ORIG,theta,0.05,all,2000,1745,1635,365,293,658,32.9000,37.7077,,
sweep,D-REL1-ORIG,theta,0.06,benign,800,800,800,0,0,0,0.0000,0.0000,,
sweep,D-REL1-ORIG,theta,0.06,V1,160,130,30,130,0,130,81.2500,100.0000,,
sweep,D-REL1-ORIG,theta,0.06,V2,200,200,0,200,0,200,100.0000,100.0000,,
sweep,D-REL1-ORIG,theta,0.06,V3,220,220,220,0,211,211,95.9091,95.9091,,
sweep,D-REL1-ORIG,theta,0.06,V4,220,220,220,0,76,76,34.5455,34.5455,,
sweep,D-REL1-ORIG,theta,0.06,V5,200,0,200,0,0,0,0.0000,,,
sweep,D-REL1-ORIG,theta,0.06,V6,200,175,165,35,0,35,17.5000,20.0000,,
sweep,D-REL1-ORIG,theta,0.06,violations_all,1200,945,835,365,287,652,54.3333,68.9947,,
sweep,D-REL1-ORIG,theta,0.06,all,2000,1745,1635,365,287,652,32.6000,37.3639,,
sweep,D-REL1-ORIG,theta,0.07,benign,800,800,800,0,0,0,0.0000,0.0000,,
sweep,D-REL1-ORIG,theta,0.07,V1,160,130,30,130,0,130,81.2500,100.0000,,
sweep,D-REL1-ORIG,theta,0.07,V2,200,200,0,200,0,200,100.0000,100.0000,,
sweep,D-REL1-ORIG,theta,0.07,V3,220,220,220,0,211,211,95.9091,95.9091,,
sweep,D-REL1-ORIG,theta,0.07,V4,220,220,220,0,76,76,34.5455,34.5455,,
sweep,D-REL1-ORIG,theta,0.07,V5,200,0,200,0,0,0,0.0000,,,
sweep,D-REL1-ORIG,theta,0.07,V6,200,175,165,35,0,35,17.5000,20.0000,,
sweep,D-REL1-ORIG,theta,0.07,violations_all,1200,945,835,365,287,652,54.3333,68.9947,,
sweep,D-REL1-ORIG,theta,0.07,all,2000,1745,1635,365,287,652,32.6000,37.3639,,
sweep,D-REL1-ORIG,theta,0.08,benign,800,800,800,0,0,0,0.0000,0.0000,,
sweep,D-REL1-ORIG,theta,0.08,V1,160,130,30,130,0,130,81.2500,100.0000,,
sweep,D-REL1-ORIG,theta,0.08,V2,200,200,0,200,0,200,100.0000,100.0000,,
sweep,D-REL1-ORIG,theta,0.08,V3,220,220,220,0,208,208,94.5455,94.5455,,
sweep,D-REL1-ORIG,theta,0.08,V4,220,220,220,0,70,70,31.8182,31.8182,,
sweep,D-REL1-ORIG,theta,0.08,V5,200,0,200,0,0,0,0.0000,,,
sweep,D-REL1-ORIG,theta,0.08,V6,200,175,165,35,0,35,17.5000,20.0000,,
sweep,D-REL1-ORIG,theta,0.08,violations_all,1200,945,835,365,278,643,53.5833,68.0423,,
sweep,D-REL1-ORIG,theta,0.08,all,2000,1745,1635,365,278,643,32.1500,36.8481,,
sweep,D-REL1-ORIG,theta,0.09,benign,800,800,800,0,0,0,0.0000,0.0000,,
sweep,D-REL1-ORIG,theta,0.09,V1,160,130,30,130,0,130,81.2500,100.0000,,
sweep,D-REL1-ORIG,theta,0.09,V2,200,200,0,200,0,200,100.0000,100.0000,,
sweep,D-REL1-ORIG,theta,0.09,V3,220,220,220,0,208,208,94.5455,94.5455,,
sweep,D-REL1-ORIG,theta,0.09,V4,220,220,220,0,67,67,30.4545,30.4545,,
sweep,D-REL1-ORIG,theta,0.09,V5,200,0,200,0,0,0,0.0000,,,
sweep,D-REL1-ORIG,theta,0.09,V6,200,175,165,35,0,35,17.5000,20.0000,,
sweep,D-REL1-ORIG,theta,0.09,violations_all,1200,945,835,365,275,640,53.3333,67.7249,,
sweep,D-REL1-ORIG,theta,0.09,all,2000,1745,1635,365,275,640,32.0000,36.6762,,
sweep,D-REL1-ORIG,theta,0.1,benign,800,800,800,0,0,0,0.0000,0.0000,,
sweep,D-REL1-ORIG,theta,0.1,V1,160,130,30,130,0,130,81.2500,100.0000,,
sweep,D-REL1-ORIG,theta,0.1,V2,200,200,0,200,0,200,100.0000,100.0000,,
sweep,D-REL1-ORIG,theta,0.1,V3,220,220,220,0,208,208,94.5455,94.5455,,
sweep,D-REL1-ORIG,theta,0.1,V4,220,220,220,0,65,65,29.5455,29.5455,,
sweep,D-REL1-ORIG,theta,0.1,V5,200,0,200,0,0,0,0.0000,,,
sweep,D-REL1-ORIG,theta,0.1,V6,200,175,165,35,0,35,17.5000,20.0000,,
sweep,D-REL1-ORIG,theta,0.1,violations_all,1200,945,835,365,273,638,53.1667,67.5132,,
sweep,D-REL1-ORIG,theta,0.1,all,2000,1745,1635,365,273,638,31.9000,36.5616,,
sweep,D-REL1-ORIG,theta,0.11,benign,800,800,800,0,0,0,0.0000,0.0000,,
sweep,D-REL1-ORIG,theta,0.11,V1,160,130,30,130,0,130,81.2500,100.0000,,
sweep,D-REL1-ORIG,theta,0.11,V2,200,200,0,200,0,200,100.0000,100.0000,,
sweep,D-REL1-ORIG,theta,0.11,V3,220,220,220,0,206,206,93.6364,93.6364,,
sweep,D-REL1-ORIG,theta,0.11,V4,220,220,220,0,65,65,29.5455,29.5455,,
sweep,D-REL1-ORIG,theta,0.11,V5,200,0,200,0,0,0,0.0000,,,
sweep,D-REL1-ORIG,theta,0.11,V6,200,175,165,35,0,35,17.5000,20.0000,,
sweep,D-REL1-ORIG,theta,0.11,violations_all,1200,945,835,365,271,636,53.0000,67.3016,,
sweep,D-REL1-ORIG,theta,0.11,all,2000,1745,1635,365,271,636,31.8000,36.4470,,
sweep,D-REL1-ORIG,theta,0.12,benign,800,800,800,0,0,0,0.0000,0.0000,,
sweep,D-REL1-ORIG,theta,0.12,V1,160,130,30,130,0,130,81.2500,100.0000,,
sweep,D-REL1-ORIG,theta,0.12,V2,200,200,0,200,0,200,100.0000,100.0000,,
sweep,D-REL1-ORIG,theta,0.12,V3,220,220,220,0,205,205,93.1818,93.1818,,
sweep,D-REL1-ORIG,theta,0.12,V4,220,220,220,0,64,64,29.0909,29.0909,,
sweep,D-REL1-ORIG,theta,0.12,V5,200,0,200,0,0,0,0.0000,,,
sweep,D-REL1-ORIG,theta,0.12,V6,200,175,165,35,0,35,17.5000,20.0000,,
sweep,D-REL1-ORIG,theta,0.12,violations_all,1200,945,835,365,269,634,52.8333,67.0899,,
sweep,D-REL1-ORIG,theta,0.12,all,2000,1745,1635,365,269,634,31.7000,36.3324,,
sweep,D-REL1-ORIG,theta,0.13,benign,800,800,800,0,0,0,0.0000,0.0000,,
sweep,D-REL1-ORIG,theta,0.13,V1,160,130,30,130,0,130,81.2500,100.0000,,
sweep,D-REL1-ORIG,theta,0.13,V2,200,200,0,200,0,200,100.0000,100.0000,,
sweep,D-REL1-ORIG,theta,0.13,V3,220,220,220,0,204,204,92.7273,92.7273,,
sweep,D-REL1-ORIG,theta,0.13,V4,220,220,220,0,63,63,28.6364,28.6364,,
sweep,D-REL1-ORIG,theta,0.13,V5,200,0,200,0,0,0,0.0000,,,
sweep,D-REL1-ORIG,theta,0.13,V6,200,175,165,35,0,35,17.5000,20.0000,,
sweep,D-REL1-ORIG,theta,0.13,violations_all,1200,945,835,365,267,632,52.6667,66.8783,,
sweep,D-REL1-ORIG,theta,0.13,all,2000,1745,1635,365,267,632,31.6000,36.2178,,
sweep,D-REL1-ORIG,theta,0.14,benign,800,800,800,0,0,0,0.0000,0.0000,,
sweep,D-REL1-ORIG,theta,0.14,V1,160,130,30,130,0,130,81.2500,100.0000,,
sweep,D-REL1-ORIG,theta,0.14,V2,200,200,0,200,0,200,100.0000,100.0000,,
sweep,D-REL1-ORIG,theta,0.14,V3,220,220,220,0,204,204,92.7273,92.7273,,
sweep,D-REL1-ORIG,theta,0.14,V4,220,220,220,0,61,61,27.7273,27.7273,,
sweep,D-REL1-ORIG,theta,0.14,V5,200,0,200,0,0,0,0.0000,,,
sweep,D-REL1-ORIG,theta,0.14,V6,200,175,165,35,0,35,17.5000,20.0000,,
sweep,D-REL1-ORIG,theta,0.14,violations_all,1200,945,835,365,265,630,52.5000,66.6667,,
sweep,D-REL1-ORIG,theta,0.14,all,2000,1745,1635,365,265,630,31.5000,36.1032,,
sweep,D-REL1-ORIG,theta,0.15,benign,800,800,800,0,0,0,0.0000,0.0000,,
sweep,D-REL1-ORIG,theta,0.15,V1,160,130,30,130,0,130,81.2500,100.0000,,
sweep,D-REL1-ORIG,theta,0.15,V2,200,200,0,200,0,200,100.0000,100.0000,,
sweep,D-REL1-ORIG,theta,0.15,V3,220,220,220,0,204,204,92.7273,92.7273,,
sweep,D-REL1-ORIG,theta,0.15,V4,220,220,220,0,60,60,27.2727,27.2727,,
sweep,D-REL1-ORIG,theta,0.15,V5,200,0,200,0,0,0,0.0000,,,
sweep,D-REL1-ORIG,theta,0.15,V6,200,175,165,35,0,35,17.5000,20.0000,,
sweep,D-REL1-ORIG,theta,0.15,violations_all,1200,945,835,365,264,629,52.4167,66.5608,,
sweep,D-REL1-ORIG,theta,0.15,all,2000,1745,1635,365,264,629,31.4500,36.0458,,
sweep,D-REL1-ORIG,theta,0.16,benign,800,800,800,0,0,0,0.0000,0.0000,,
sweep,D-REL1-ORIG,theta,0.16,V1,160,130,30,130,0,130,81.2500,100.0000,,
sweep,D-REL1-ORIG,theta,0.16,V2,200,200,0,200,0,200,100.0000,100.0000,,
sweep,D-REL1-ORIG,theta,0.16,V3,220,220,220,0,202,202,91.8182,91.8182,,
sweep,D-REL1-ORIG,theta,0.16,V4,220,220,220,0,59,59,26.8182,26.8182,,
sweep,D-REL1-ORIG,theta,0.16,V5,200,0,200,0,0,0,0.0000,,,
sweep,D-REL1-ORIG,theta,0.16,V6,200,175,165,35,0,35,17.5000,20.0000,,
sweep,D-REL1-ORIG,theta,0.16,violations_all,1200,945,835,365,261,626,52.1667,66.2434,,
sweep,D-REL1-ORIG,theta,0.16,all,2000,1745,1635,365,261,626,31.3000,35.8739,,
sweep,D-REL1-ORIG,theta,0.17,benign,800,800,800,0,0,0,0.0000,0.0000,,
sweep,D-REL1-ORIG,theta,0.17,V1,160,130,30,130,0,130,81.2500,100.0000,,
sweep,D-REL1-ORIG,theta,0.17,V2,200,200,0,200,0,200,100.0000,100.0000,,
sweep,D-REL1-ORIG,theta,0.17,V3,220,220,220,0,199,199,90.4545,90.4545,,
sweep,D-REL1-ORIG,theta,0.17,V4,220,220,220,0,59,59,26.8182,26.8182,,
sweep,D-REL1-ORIG,theta,0.17,V5,200,0,200,0,0,0,0.0000,,,
sweep,D-REL1-ORIG,theta,0.17,V6,200,175,165,35,0,35,17.5000,20.0000,,
sweep,D-REL1-ORIG,theta,0.17,violations_all,1200,945,835,365,258,623,51.9167,65.9259,,
sweep,D-REL1-ORIG,theta,0.17,all,2000,1745,1635,365,258,623,31.1500,35.7020,,
sweep,D-REL1-ORIG,theta,0.18,benign,800,800,800,0,0,0,0.0000,0.0000,,
sweep,D-REL1-ORIG,theta,0.18,V1,160,130,30,130,0,130,81.2500,100.0000,,
sweep,D-REL1-ORIG,theta,0.18,V2,200,200,0,200,0,200,100.0000,100.0000,,
sweep,D-REL1-ORIG,theta,0.18,V3,220,220,220,0,198,198,90.0000,90.0000,,
sweep,D-REL1-ORIG,theta,0.18,V4,220,220,220,0,58,58,26.3636,26.3636,,
sweep,D-REL1-ORIG,theta,0.18,V5,200,0,200,0,0,0,0.0000,,,
sweep,D-REL1-ORIG,theta,0.18,V6,200,175,165,35,0,35,17.5000,20.0000,,
sweep,D-REL1-ORIG,theta,0.18,violations_all,1200,945,835,365,256,621,51.7500,65.7143,,
sweep,D-REL1-ORIG,theta,0.18,all,2000,1745,1635,365,256,621,31.0500,35.5874,,
sweep,D-REL1-ORIG,theta,0.19,benign,800,800,800,0,0,0,0.0000,0.0000,,
sweep,D-REL1-ORIG,theta,0.19,V1,160,130,30,130,0,130,81.2500,100.0000,,
sweep,D-REL1-ORIG,theta,0.19,V2,200,200,0,200,0,200,100.0000,100.0000,,
sweep,D-REL1-ORIG,theta,0.19,V3,220,220,220,0,195,195,88.6364,88.6364,,
sweep,D-REL1-ORIG,theta,0.19,V4,220,220,220,0,55,55,25.0000,25.0000,,
sweep,D-REL1-ORIG,theta,0.19,V5,200,0,200,0,0,0,0.0000,,,
sweep,D-REL1-ORIG,theta,0.19,V6,200,175,165,35,0,35,17.5000,20.0000,,
sweep,D-REL1-ORIG,theta,0.19,violations_all,1200,945,835,365,250,615,51.2500,65.0794,,
sweep,D-REL1-ORIG,theta,0.19,all,2000,1745,1635,365,250,615,30.7500,35.2436,,
sweep,D-REL1-ORIG,theta,0.2,benign,800,800,800,0,0,0,0.0000,0.0000,,
sweep,D-REL1-ORIG,theta,0.2,V1,160,130,30,130,0,130,81.2500,100.0000,,
sweep,D-REL1-ORIG,theta,0.2,V2,200,200,0,200,0,200,100.0000,100.0000,,
sweep,D-REL1-ORIG,theta,0.2,V3,220,220,220,0,192,192,87.2727,87.2727,,
sweep,D-REL1-ORIG,theta,0.2,V4,220,220,220,0,55,55,25.0000,25.0000,,
sweep,D-REL1-ORIG,theta,0.2,V5,200,0,200,0,0,0,0.0000,,,
sweep,D-REL1-ORIG,theta,0.2,V6,200,175,165,35,0,35,17.5000,20.0000,,
sweep,D-REL1-ORIG,theta,0.2,violations_all,1200,945,835,365,247,612,51.0000,64.7619,,
sweep,D-REL1-ORIG,theta,0.2,all,2000,1745,1635,365,247,612,30.6000,35.0716,,
sweep,D-REL1-ORIG,theta,0.21,benign,800,800,800,0,0,0,0.0000,0.0000,,
sweep,D-REL1-ORIG,theta,0.21,V1,160,130,30,130,0,130,81.2500,100.0000,,
sweep,D-REL1-ORIG,theta,0.21,V2,200,200,0,200,0,200,100.0000,100.0000,,
sweep,D-REL1-ORIG,theta,0.21,V3,220,220,220,0,190,190,86.3636,86.3636,,
sweep,D-REL1-ORIG,theta,0.21,V4,220,220,220,0,54,54,24.5455,24.5455,,
sweep,D-REL1-ORIG,theta,0.21,V5,200,0,200,0,0,0,0.0000,,,
sweep,D-REL1-ORIG,theta,0.21,V6,200,175,165,35,0,35,17.5000,20.0000,,
sweep,D-REL1-ORIG,theta,0.21,violations_all,1200,945,835,365,244,609,50.7500,64.4444,,
sweep,D-REL1-ORIG,theta,0.21,all,2000,1745,1635,365,244,609,30.4500,34.8997,,
sweep,D-REL1-ORIG,theta,0.22,benign,800,800,800,0,0,0,0.0000,0.0000,,
sweep,D-REL1-ORIG,theta,0.22,V1,160,130,30,130,0,130,81.2500,100.0000,,
sweep,D-REL1-ORIG,theta,0.22,V2,200,200,0,200,0,200,100.0000,100.0000,,
sweep,D-REL1-ORIG,theta,0.22,V3,220,220,220,0,189,189,85.9091,85.9091,,
sweep,D-REL1-ORIG,theta,0.22,V4,220,220,220,0,54,54,24.5455,24.5455,,
sweep,D-REL1-ORIG,theta,0.22,V5,200,0,200,0,0,0,0.0000,,,
sweep,D-REL1-ORIG,theta,0.22,V6,200,175,165,35,0,35,17.5000,20.0000,,
sweep,D-REL1-ORIG,theta,0.22,violations_all,1200,945,835,365,243,608,50.6667,64.3386,,
sweep,D-REL1-ORIG,theta,0.22,all,2000,1745,1635,365,243,608,30.4000,34.8424,,
sweep,D-REL1-ORIG,theta,0.23,benign,800,800,800,0,0,0,0.0000,0.0000,,
sweep,D-REL1-ORIG,theta,0.23,V1,160,130,30,130,0,130,81.2500,100.0000,,
sweep,D-REL1-ORIG,theta,0.23,V2,200,200,0,200,0,200,100.0000,100.0000,,
sweep,D-REL1-ORIG,theta,0.23,V3,220,220,220,0,188,188,85.4545,85.4545,,
sweep,D-REL1-ORIG,theta,0.23,V4,220,220,220,0,52,52,23.6364,23.6364,,
sweep,D-REL1-ORIG,theta,0.23,V5,200,0,200,0,0,0,0.0000,,,
sweep,D-REL1-ORIG,theta,0.23,V6,200,175,165,35,0,35,17.5000,20.0000,,
sweep,D-REL1-ORIG,theta,0.23,violations_all,1200,945,835,365,240,605,50.4167,64.0212,,
sweep,D-REL1-ORIG,theta,0.23,all,2000,1745,1635,365,240,605,30.2500,34.6705,,
sweep,D-REL1-ORIG,theta,0.24,benign,800,800,800,0,0,0,0.0000,0.0000,,
sweep,D-REL1-ORIG,theta,0.24,V1,160,130,30,130,0,130,81.2500,100.0000,,
sweep,D-REL1-ORIG,theta,0.24,V2,200,200,0,200,0,200,100.0000,100.0000,,
sweep,D-REL1-ORIG,theta,0.24,V3,220,220,220,0,184,184,83.6364,83.6364,,
sweep,D-REL1-ORIG,theta,0.24,V4,220,220,220,0,48,48,21.8182,21.8182,,
sweep,D-REL1-ORIG,theta,0.24,V5,200,0,200,0,0,0,0.0000,,,
sweep,D-REL1-ORIG,theta,0.24,V6,200,175,165,35,0,35,17.5000,20.0000,,
sweep,D-REL1-ORIG,theta,0.24,violations_all,1200,945,835,365,232,597,49.7500,63.1746,,
sweep,D-REL1-ORIG,theta,0.24,all,2000,1745,1635,365,232,597,29.8500,34.2120,,
sweep,D-REL1-ORIG,theta,0.25,benign,800,800,800,0,0,0,0.0000,0.0000,,
sweep,D-REL1-ORIG,theta,0.25,V1,160,130,30,130,0,130,81.2500,100.0000,,
sweep,D-REL1-ORIG,theta,0.25,V2,200,200,0,200,0,200,100.0000,100.0000,,
sweep,D-REL1-ORIG,theta,0.25,V3,220,220,220,0,180,180,81.8182,81.8182,,
sweep,D-REL1-ORIG,theta,0.25,V4,220,220,220,0,47,47,21.3636,21.3636,,
sweep,D-REL1-ORIG,theta,0.25,V5,200,0,200,0,0,0,0.0000,,,
sweep,D-REL1-ORIG,theta,0.25,V6,200,175,165,35,0,35,17.5000,20.0000,,
sweep,D-REL1-ORIG,theta,0.25,violations_all,1200,945,835,365,227,592,49.3333,62.6455,,
sweep,D-REL1-ORIG,theta,0.25,all,2000,1745,1635,365,227,592,29.6000,33.9255,,
sweep,D-REL1-ORIG,theta,0.26,benign,800,800,800,0,0,0,0.0000,0.0000,,
sweep,D-REL1-ORIG,theta,0.26,V1,160,130,30,130,0,130,81.2500,100.0000,,
sweep,D-REL1-ORIG,theta,0.26,V2,200,200,0,200,0,200,100.0000,100.0000,,
sweep,D-REL1-ORIG,theta,0.26,V3,220,220,220,0,179,179,81.3636,81.3636,,
sweep,D-REL1-ORIG,theta,0.26,V4,220,220,220,0,47,47,21.3636,21.3636,,
sweep,D-REL1-ORIG,theta,0.26,V5,200,0,200,0,0,0,0.0000,,,
sweep,D-REL1-ORIG,theta,0.26,V6,200,175,165,35,0,35,17.5000,20.0000,,
sweep,D-REL1-ORIG,theta,0.26,violations_all,1200,945,835,365,226,591,49.2500,62.5397,,
sweep,D-REL1-ORIG,theta,0.26,all,2000,1745,1635,365,226,591,29.5500,33.8682,,
sweep,D-REL1-ORIG,theta,0.27,benign,800,800,800,0,0,0,0.0000,0.0000,,
sweep,D-REL1-ORIG,theta,0.27,V1,160,130,30,130,0,130,81.2500,100.0000,,
sweep,D-REL1-ORIG,theta,0.27,V2,200,200,0,200,0,200,100.0000,100.0000,,
sweep,D-REL1-ORIG,theta,0.27,V3,220,220,220,0,177,177,80.4545,80.4545,,
sweep,D-REL1-ORIG,theta,0.27,V4,220,220,220,0,45,45,20.4545,20.4545,,
sweep,D-REL1-ORIG,theta,0.27,V5,200,0,200,0,0,0,0.0000,,,
sweep,D-REL1-ORIG,theta,0.27,V6,200,175,165,35,0,35,17.5000,20.0000,,
sweep,D-REL1-ORIG,theta,0.27,violations_all,1200,945,835,365,222,587,48.9167,62.1164,,
sweep,D-REL1-ORIG,theta,0.27,all,2000,1745,1635,365,222,587,29.3500,33.6390,,
sweep,D-REL1-ORIG,theta,0.28,benign,800,800,800,0,0,0,0.0000,0.0000,,
sweep,D-REL1-ORIG,theta,0.28,V1,160,130,30,130,0,130,81.2500,100.0000,,
sweep,D-REL1-ORIG,theta,0.28,V2,200,200,0,200,0,200,100.0000,100.0000,,
sweep,D-REL1-ORIG,theta,0.28,V3,220,220,220,0,172,172,78.1818,78.1818,,
sweep,D-REL1-ORIG,theta,0.28,V4,220,220,220,0,42,42,19.0909,19.0909,,
sweep,D-REL1-ORIG,theta,0.28,V5,200,0,200,0,0,0,0.0000,,,
sweep,D-REL1-ORIG,theta,0.28,V6,200,175,165,35,0,35,17.5000,20.0000,,
sweep,D-REL1-ORIG,theta,0.28,violations_all,1200,945,835,365,214,579,48.2500,61.2698,,
sweep,D-REL1-ORIG,theta,0.28,all,2000,1745,1635,365,214,579,28.9500,33.1805,,
sweep,D-REL1-ORIG,theta,0.29,benign,800,800,800,0,0,0,0.0000,0.0000,,
sweep,D-REL1-ORIG,theta,0.29,V1,160,130,30,130,0,130,81.2500,100.0000,,
sweep,D-REL1-ORIG,theta,0.29,V2,200,200,0,200,0,200,100.0000,100.0000,,
sweep,D-REL1-ORIG,theta,0.29,V3,220,220,220,0,171,171,77.7273,77.7273,,
sweep,D-REL1-ORIG,theta,0.29,V4,220,220,220,0,41,41,18.6364,18.6364,,
sweep,D-REL1-ORIG,theta,0.29,V5,200,0,200,0,0,0,0.0000,,,
sweep,D-REL1-ORIG,theta,0.29,V6,200,175,165,35,0,35,17.5000,20.0000,,
sweep,D-REL1-ORIG,theta,0.29,violations_all,1200,945,835,365,212,577,48.0833,61.0582,,
sweep,D-REL1-ORIG,theta,0.29,all,2000,1745,1635,365,212,577,28.8500,33.0659,,
sweep,D-REL1-ORIG,theta,0.3,benign,800,800,800,0,0,0,0.0000,0.0000,,
sweep,D-REL1-ORIG,theta,0.3,V1,160,130,30,130,0,130,81.2500,100.0000,,
sweep,D-REL1-ORIG,theta,0.3,V2,200,200,0,200,0,200,100.0000,100.0000,,
sweep,D-REL1-ORIG,theta,0.3,V3,220,220,220,0,171,171,77.7273,77.7273,,
sweep,D-REL1-ORIG,theta,0.3,V4,220,220,220,0,41,41,18.6364,18.6364,,
sweep,D-REL1-ORIG,theta,0.3,V5,200,0,200,0,0,0,0.0000,,,
sweep,D-REL1-ORIG,theta,0.3,V6,200,175,165,35,0,35,17.5000,20.0000,,
sweep,D-REL1-ORIG,theta,0.3,violations_all,1200,945,835,365,212,577,48.0833,61.0582,,
sweep,D-REL1-ORIG,theta,0.3,all,2000,1745,1635,365,212,577,28.8500,33.0659,,
sweep,D-REL1-ORIG,theta,0.31,benign,800,800,800,0,0,0,0.0000,0.0000,,
sweep,D-REL1-ORIG,theta,0.31,V1,160,130,30,130,0,130,81.2500,100.0000,,
sweep,D-REL1-ORIG,theta,0.31,V2,200,200,0,200,0,200,100.0000,100.0000,,
sweep,D-REL1-ORIG,theta,0.31,V3,220,220,220,0,168,168,76.3636,76.3636,,
sweep,D-REL1-ORIG,theta,0.31,V4,220,220,220,0,38,38,17.2727,17.2727,,
sweep,D-REL1-ORIG,theta,0.31,V5,200,0,200,0,0,0,0.0000,,,
sweep,D-REL1-ORIG,theta,0.31,V6,200,175,165,35,0,35,17.5000,20.0000,,
sweep,D-REL1-ORIG,theta,0.31,violations_all,1200,945,835,365,206,571,47.5833,60.4233,,
sweep,D-REL1-ORIG,theta,0.31,all,2000,1745,1635,365,206,571,28.5500,32.7221,,
sweep,D-REL1-ORIG,theta,0.32,benign,800,800,800,0,0,0,0.0000,0.0000,,
sweep,D-REL1-ORIG,theta,0.32,V1,160,130,30,130,0,130,81.2500,100.0000,,
sweep,D-REL1-ORIG,theta,0.32,V2,200,200,0,200,0,200,100.0000,100.0000,,
sweep,D-REL1-ORIG,theta,0.32,V3,220,220,220,0,165,165,75.0000,75.0000,,
sweep,D-REL1-ORIG,theta,0.32,V4,220,220,220,0,38,38,17.2727,17.2727,,
sweep,D-REL1-ORIG,theta,0.32,V5,200,0,200,0,0,0,0.0000,,,
sweep,D-REL1-ORIG,theta,0.32,V6,200,175,165,35,0,35,17.5000,20.0000,,
sweep,D-REL1-ORIG,theta,0.32,violations_all,1200,945,835,365,203,568,47.3333,60.1058,,
sweep,D-REL1-ORIG,theta,0.32,all,2000,1745,1635,365,203,568,28.4000,32.5501,,
sweep,D-REL1-ORIG,theta,0.33,benign,800,800,800,0,0,0,0.0000,0.0000,,
sweep,D-REL1-ORIG,theta,0.33,V1,160,130,30,130,0,130,81.2500,100.0000,,
sweep,D-REL1-ORIG,theta,0.33,V2,200,200,0,200,0,200,100.0000,100.0000,,
sweep,D-REL1-ORIG,theta,0.33,V3,220,220,220,0,164,164,74.5455,74.5455,,
sweep,D-REL1-ORIG,theta,0.33,V4,220,220,220,0,37,37,16.8182,16.8182,,
sweep,D-REL1-ORIG,theta,0.33,V5,200,0,200,0,0,0,0.0000,,,
sweep,D-REL1-ORIG,theta,0.33,V6,200,175,165,35,0,35,17.5000,20.0000,,
sweep,D-REL1-ORIG,theta,0.33,violations_all,1200,945,835,365,201,566,47.1667,59.8942,,
sweep,D-REL1-ORIG,theta,0.33,all,2000,1745,1635,365,201,566,28.3000,32.4355,,
sweep,D-REL1-ORIG,theta,0.34,benign,800,800,800,0,0,0,0.0000,0.0000,,
sweep,D-REL1-ORIG,theta,0.34,V1,160,130,30,130,0,130,81.2500,100.0000,,
sweep,D-REL1-ORIG,theta,0.34,V2,200,200,0,200,0,200,100.0000,100.0000,,
sweep,D-REL1-ORIG,theta,0.34,V3,220,220,220,0,163,163,74.0909,74.0909,,
sweep,D-REL1-ORIG,theta,0.34,V4,220,220,220,0,35,35,15.9091,15.9091,,
sweep,D-REL1-ORIG,theta,0.34,V5,200,0,200,0,0,0,0.0000,,,
sweep,D-REL1-ORIG,theta,0.34,V6,200,175,165,35,0,35,17.5000,20.0000,,
sweep,D-REL1-ORIG,theta,0.34,violations_all,1200,945,835,365,198,563,46.9167,59.5767,,
sweep,D-REL1-ORIG,theta,0.34,all,2000,1745,1635,365,198,563,28.1500,32.2636,,
sweep,D-REL1-ORIG,theta,0.35,benign,800,800,800,0,0,0,0.0000,0.0000,,
sweep,D-REL1-ORIG,theta,0.35,V1,160,130,30,130,0,130,81.2500,100.0000,,
sweep,D-REL1-ORIG,theta,0.35,V2,200,200,0,200,0,200,100.0000,100.0000,,
sweep,D-REL1-ORIG,theta,0.35,V3,220,220,220,0,160,160,72.7273,72.7273,,
sweep,D-REL1-ORIG,theta,0.35,V4,220,220,220,0,30,30,13.6364,13.6364,,
sweep,D-REL1-ORIG,theta,0.35,V5,200,0,200,0,0,0,0.0000,,,
sweep,D-REL1-ORIG,theta,0.35,V6,200,175,165,35,0,35,17.5000,20.0000,,
sweep,D-REL1-ORIG,theta,0.35,violations_all,1200,945,835,365,190,555,46.2500,58.7302,,
sweep,D-REL1-ORIG,theta,0.35,all,2000,1745,1635,365,190,555,27.7500,31.8052,,
sweep,D-REL1-ORIG,theta,0.36,benign,800,800,800,0,0,0,0.0000,0.0000,,
sweep,D-REL1-ORIG,theta,0.36,V1,160,130,30,130,0,130,81.2500,100.0000,,
sweep,D-REL1-ORIG,theta,0.36,V2,200,200,0,200,0,200,100.0000,100.0000,,
sweep,D-REL1-ORIG,theta,0.36,V3,220,220,220,0,155,155,70.4545,70.4545,,
sweep,D-REL1-ORIG,theta,0.36,V4,220,220,220,0,29,29,13.1818,13.1818,,
sweep,D-REL1-ORIG,theta,0.36,V5,200,0,200,0,0,0,0.0000,,,
sweep,D-REL1-ORIG,theta,0.36,V6,200,175,165,35,0,35,17.5000,20.0000,,
sweep,D-REL1-ORIG,theta,0.36,violations_all,1200,945,835,365,184,549,45.7500,58.0952,,
sweep,D-REL1-ORIG,theta,0.36,all,2000,1745,1635,365,184,549,27.4500,31.4613,,
sweep,D-REL1-ORIG,theta,0.37,benign,800,800,800,0,0,0,0.0000,0.0000,,
sweep,D-REL1-ORIG,theta,0.37,V1,160,130,30,130,0,130,81.2500,100.0000,,
sweep,D-REL1-ORIG,theta,0.37,V2,200,200,0,200,0,200,100.0000,100.0000,,
sweep,D-REL1-ORIG,theta,0.37,V3,220,220,220,0,152,152,69.0909,69.0909,,
sweep,D-REL1-ORIG,theta,0.37,V4,220,220,220,0,29,29,13.1818,13.1818,,
sweep,D-REL1-ORIG,theta,0.37,V5,200,0,200,0,0,0,0.0000,,,
sweep,D-REL1-ORIG,theta,0.37,V6,200,175,165,35,0,35,17.5000,20.0000,,
sweep,D-REL1-ORIG,theta,0.37,violations_all,1200,945,835,365,181,546,45.5000,57.7778,,
sweep,D-REL1-ORIG,theta,0.37,all,2000,1745,1635,365,181,546,27.3000,31.2894,,
sweep,D-REL1-ORIG,theta,0.38,benign,800,800,800,0,0,0,0.0000,0.0000,,
sweep,D-REL1-ORIG,theta,0.38,V1,160,130,30,130,0,130,81.2500,100.0000,,
sweep,D-REL1-ORIG,theta,0.38,V2,200,200,0,200,0,200,100.0000,100.0000,,
sweep,D-REL1-ORIG,theta,0.38,V3,220,220,220,0,149,149,67.7273,67.7273,,
sweep,D-REL1-ORIG,theta,0.38,V4,220,220,220,0,28,28,12.7273,12.7273,,
sweep,D-REL1-ORIG,theta,0.38,V5,200,0,200,0,0,0,0.0000,,,
sweep,D-REL1-ORIG,theta,0.38,V6,200,175,165,35,0,35,17.5000,20.0000,,
sweep,D-REL1-ORIG,theta,0.38,violations_all,1200,945,835,365,177,542,45.1667,57.3545,,
sweep,D-REL1-ORIG,theta,0.38,all,2000,1745,1635,365,177,542,27.1000,31.0602,,
sweep,D-REL1-ORIG,theta,0.39,benign,800,800,800,0,0,0,0.0000,0.0000,,
sweep,D-REL1-ORIG,theta,0.39,V1,160,130,30,130,0,130,81.2500,100.0000,,
sweep,D-REL1-ORIG,theta,0.39,V2,200,200,0,200,0,200,100.0000,100.0000,,
sweep,D-REL1-ORIG,theta,0.39,V3,220,220,220,0,146,146,66.3636,66.3636,,
sweep,D-REL1-ORIG,theta,0.39,V4,220,220,220,0,27,27,12.2727,12.2727,,
sweep,D-REL1-ORIG,theta,0.39,V5,200,0,200,0,0,0,0.0000,,,
sweep,D-REL1-ORIG,theta,0.39,V6,200,175,165,35,0,35,17.5000,20.0000,,
sweep,D-REL1-ORIG,theta,0.39,violations_all,1200,945,835,365,173,538,44.8333,56.9312,,
sweep,D-REL1-ORIG,theta,0.39,all,2000,1745,1635,365,173,538,26.9000,30.8309,,
sweep,D-REL1-ORIG,theta,0.4,benign,800,800,800,0,0,0,0.0000,0.0000,,
sweep,D-REL1-ORIG,theta,0.4,V1,160,130,30,130,0,130,81.2500,100.0000,,
sweep,D-REL1-ORIG,theta,0.4,V2,200,200,0,200,0,200,100.0000,100.0000,,
sweep,D-REL1-ORIG,theta,0.4,V3,220,220,220,0,144,144,65.4545,65.4545,,
sweep,D-REL1-ORIG,theta,0.4,V4,220,220,220,0,27,27,12.2727,12.2727,,
sweep,D-REL1-ORIG,theta,0.4,V5,200,0,200,0,0,0,0.0000,,,
sweep,D-REL1-ORIG,theta,0.4,V6,200,175,165,35,0,35,17.5000,20.0000,,
sweep,D-REL1-ORIG,theta,0.4,violations_all,1200,945,835,365,171,536,44.6667,56.7196,,
sweep,D-REL1-ORIG,theta,0.4,all,2000,1745,1635,365,171,536,26.8000,30.7163,,
sweep,D-REL1-ORIG,theta,0.41,benign,800,800,800,0,0,0,0.0000,0.0000,,
sweep,D-REL1-ORIG,theta,0.41,V1,160,130,30,130,0,130,81.2500,100.0000,,
sweep,D-REL1-ORIG,theta,0.41,V2,200,200,0,200,0,200,100.0000,100.0000,,
sweep,D-REL1-ORIG,theta,0.41,V3,220,220,220,0,144,144,65.4545,65.4545,,
sweep,D-REL1-ORIG,theta,0.41,V4,220,220,220,0,26,26,11.8182,11.8182,,
sweep,D-REL1-ORIG,theta,0.41,V5,200,0,200,0,0,0,0.0000,,,
sweep,D-REL1-ORIG,theta,0.41,V6,200,175,165,35,0,35,17.5000,20.0000,,
sweep,D-REL1-ORIG,theta,0.41,violations_all,1200,945,835,365,170,535,44.5833,56.6138,,
sweep,D-REL1-ORIG,theta,0.41,all,2000,1745,1635,365,170,535,26.7500,30.6590,,
sweep,D-REL1-ORIG,theta,0.42,benign,800,800,800,0,0,0,0.0000,0.0000,,
sweep,D-REL1-ORIG,theta,0.42,V1,160,130,30,130,0,130,81.2500,100.0000,,
sweep,D-REL1-ORIG,theta,0.42,V2,200,200,0,200,0,200,100.0000,100.0000,,
sweep,D-REL1-ORIG,theta,0.42,V3,220,220,220,0,141,141,64.0909,64.0909,,
sweep,D-REL1-ORIG,theta,0.42,V4,220,220,220,0,26,26,11.8182,11.8182,,
sweep,D-REL1-ORIG,theta,0.42,V5,200,0,200,0,0,0,0.0000,,,
sweep,D-REL1-ORIG,theta,0.42,V6,200,175,165,35,0,35,17.5000,20.0000,,
sweep,D-REL1-ORIG,theta,0.42,violations_all,1200,945,835,365,167,532,44.3333,56.2963,,
sweep,D-REL1-ORIG,theta,0.42,all,2000,1745,1635,365,167,532,26.6000,30.4871,,
sweep,D-REL1-ORIG,theta,0.43,benign,800,800,800,0,0,0,0.0000,0.0000,,
sweep,D-REL1-ORIG,theta,0.43,V1,160,130,30,130,0,130,81.2500,100.0000,,
sweep,D-REL1-ORIG,theta,0.43,V2,200,200,0,200,0,200,100.0000,100.0000,,
sweep,D-REL1-ORIG,theta,0.43,V3,220,220,220,0,134,134,60.9091,60.9091,,
sweep,D-REL1-ORIG,theta,0.43,V4,220,220,220,0,25,25,11.3636,11.3636,,
sweep,D-REL1-ORIG,theta,0.43,V5,200,0,200,0,0,0,0.0000,,,
sweep,D-REL1-ORIG,theta,0.43,V6,200,175,165,35,0,35,17.5000,20.0000,,
sweep,D-REL1-ORIG,theta,0.43,violations_all,1200,945,835,365,159,524,43.6667,55.4497,,
sweep,D-REL1-ORIG,theta,0.43,all,2000,1745,1635,365,159,524,26.2000,30.0287,,
sweep,D-REL1-ORIG,theta,0.44,benign,800,800,800,0,0,0,0.0000,0.0000,,
sweep,D-REL1-ORIG,theta,0.44,V1,160,130,30,130,0,130,81.2500,100.0000,,
sweep,D-REL1-ORIG,theta,0.44,V2,200,200,0,200,0,200,100.0000,100.0000,,
sweep,D-REL1-ORIG,theta,0.44,V3,220,220,220,0,133,133,60.4545,60.4545,,
sweep,D-REL1-ORIG,theta,0.44,V4,220,220,220,0,24,24,10.9091,10.9091,,
sweep,D-REL1-ORIG,theta,0.44,V5,200,0,200,0,0,0,0.0000,,,
sweep,D-REL1-ORIG,theta,0.44,V6,200,175,165,35,0,35,17.5000,20.0000,,
sweep,D-REL1-ORIG,theta,0.44,violations_all,1200,945,835,365,157,522,43.5000,55.2381,,
sweep,D-REL1-ORIG,theta,0.44,all,2000,1745,1635,365,157,522,26.1000,29.9140,,
sweep,D-REL1-ORIG,theta,0.45,benign,800,800,800,0,0,0,0.0000,0.0000,,
sweep,D-REL1-ORIG,theta,0.45,V1,160,130,30,130,0,130,81.2500,100.0000,,
sweep,D-REL1-ORIG,theta,0.45,V2,200,200,0,200,0,200,100.0000,100.0000,,
sweep,D-REL1-ORIG,theta,0.45,V3,220,220,220,0,128,128,58.1818,58.1818,,
sweep,D-REL1-ORIG,theta,0.45,V4,220,220,220,0,24,24,10.9091,10.9091,,
sweep,D-REL1-ORIG,theta,0.45,V5,200,0,200,0,0,0,0.0000,,,
sweep,D-REL1-ORIG,theta,0.45,V6,200,175,165,35,0,35,17.5000,20.0000,,
sweep,D-REL1-ORIG,theta,0.45,violations_all,1200,945,835,365,152,517,43.0833,54.7090,,
sweep,D-REL1-ORIG,theta,0.45,all,2000,1745,1635,365,152,517,25.8500,29.6275,,
sweep,D-REL1-ORIG,theta,0.46,benign,800,800,800,0,0,0,0.0000,0.0000,,
sweep,D-REL1-ORIG,theta,0.46,V1,160,130,30,130,0,130,81.2500,100.0000,,
sweep,D-REL1-ORIG,theta,0.46,V2,200,200,0,200,0,200,100.0000,100.0000,,
sweep,D-REL1-ORIG,theta,0.46,V3,220,220,220,0,125,125,56.8182,56.8182,,
sweep,D-REL1-ORIG,theta,0.46,V4,220,220,220,0,23,23,10.4545,10.4545,,
sweep,D-REL1-ORIG,theta,0.46,V5,200,0,200,0,0,0,0.0000,,,
sweep,D-REL1-ORIG,theta,0.46,V6,200,175,165,35,0,35,17.5000,20.0000,,
sweep,D-REL1-ORIG,theta,0.46,violations_all,1200,945,835,365,148,513,42.7500,54.2857,,
sweep,D-REL1-ORIG,theta,0.46,all,2000,1745,1635,365,148,513,25.6500,29.3983,,
sweep,D-REL1-ORIG,theta,0.47,benign,800,800,800,0,0,0,0.0000,0.0000,,
sweep,D-REL1-ORIG,theta,0.47,V1,160,130,30,130,0,130,81.2500,100.0000,,
sweep,D-REL1-ORIG,theta,0.47,V2,200,200,0,200,0,200,100.0000,100.0000,,
sweep,D-REL1-ORIG,theta,0.47,V3,220,220,220,0,124,124,56.3636,56.3636,,
sweep,D-REL1-ORIG,theta,0.47,V4,220,220,220,0,23,23,10.4545,10.4545,,
sweep,D-REL1-ORIG,theta,0.47,V5,200,0,200,0,0,0,0.0000,,,
sweep,D-REL1-ORIG,theta,0.47,V6,200,175,165,35,0,35,17.5000,20.0000,,
sweep,D-REL1-ORIG,theta,0.47,violations_all,1200,945,835,365,147,512,42.6667,54.1799,,
sweep,D-REL1-ORIG,theta,0.47,all,2000,1745,1635,365,147,512,25.6000,29.3410,,
sweep,D-REL1-ORIG,theta,0.48,benign,800,800,800,0,0,0,0.0000,0.0000,,
sweep,D-REL1-ORIG,theta,0.48,V1,160,130,30,130,0,130,81.2500,100.0000,,
sweep,D-REL1-ORIG,theta,0.48,V2,200,200,0,200,0,200,100.0000,100.0000,,
sweep,D-REL1-ORIG,theta,0.48,V3,220,220,220,0,122,122,55.4545,55.4545,,
sweep,D-REL1-ORIG,theta,0.48,V4,220,220,220,0,23,23,10.4545,10.4545,,
sweep,D-REL1-ORIG,theta,0.48,V5,200,0,200,0,0,0,0.0000,,,
sweep,D-REL1-ORIG,theta,0.48,V6,200,175,165,35,0,35,17.5000,20.0000,,
sweep,D-REL1-ORIG,theta,0.48,violations_all,1200,945,835,365,145,510,42.5000,53.9683,,
sweep,D-REL1-ORIG,theta,0.48,all,2000,1745,1635,365,145,510,25.5000,29.2264,,
sweep,D-REL1-ORIG,theta,0.49,benign,800,800,800,0,0,0,0.0000,0.0000,,
sweep,D-REL1-ORIG,theta,0.49,V1,160,130,30,130,0,130,81.2500,100.0000,,
sweep,D-REL1-ORIG,theta,0.49,V2,200,200,0,200,0,200,100.0000,100.0000,,
sweep,D-REL1-ORIG,theta,0.49,V3,220,220,220,0,122,122,55.4545,55.4545,,
sweep,D-REL1-ORIG,theta,0.49,V4,220,220,220,0,21,21,9.5455,9.5455,,
sweep,D-REL1-ORIG,theta,0.49,V5,200,0,200,0,0,0,0.0000,,,
sweep,D-REL1-ORIG,theta,0.49,V6,200,175,165,35,0,35,17.5000,20.0000,,
sweep,D-REL1-ORIG,theta,0.49,violations_all,1200,945,835,365,143,508,42.3333,53.7566,,
sweep,D-REL1-ORIG,theta,0.49,all,2000,1745,1635,365,143,508,25.4000,29.1117,,
sweep,D-REL1-ORIG,theta,0.5,benign,800,800,800,0,0,0,0.0000,0.0000,,
sweep,D-REL1-ORIG,theta,0.5,V1,160,130,30,130,0,130,81.2500,100.0000,,
sweep,D-REL1-ORIG,theta,0.5,V2,200,200,0,200,0,200,100.0000,100.0000,,
sweep,D-REL1-ORIG,theta,0.5,V3,220,220,220,0,119,119,54.0909,54.0909,,
sweep,D-REL1-ORIG,theta,0.5,V4,220,220,220,0,20,20,9.0909,9.0909,,
sweep,D-REL1-ORIG,theta,0.5,V5,200,0,200,0,0,0,0.0000,,,
sweep,D-REL1-ORIG,theta,0.5,V6,200,175,165,35,0,35,17.5000,20.0000,,
sweep,D-REL1-ORIG,theta,0.5,violations_all,1200,945,835,365,139,504,42.0000,53.3333,,
sweep,D-REL1-ORIG,theta,0.5,all,2000,1745,1635,365,139,504,25.2000,28.8825,,
sweep,D-REL1-ORIG,theta,1,benign,800,800,800,0,0,0,0.0000,0.0000,,
sweep,D-REL1-ORIG,theta,1,V1,160,130,30,130,0,130,81.2500,100.0000,,
sweep,D-REL1-ORIG,theta,1,V2,200,200,0,200,0,200,100.0000,100.0000,,
sweep,D-REL1-ORIG,theta,1,V3,220,220,220,0,54,54,24.5455,24.5455,,
sweep,D-REL1-ORIG,theta,1,V4,220,220,220,0,5,5,2.2727,2.2727,,
sweep,D-REL1-ORIG,theta,1,V5,200,0,200,0,0,0,0.0000,,,
sweep,D-REL1-ORIG,theta,1,V6,200,175,165,35,0,35,17.5000,20.0000,,
sweep,D-REL1-ORIG,theta,1,violations_all,1200,945,835,365,59,424,35.3333,44.8677,,
sweep,D-REL1-ORIG,theta,1,all,2000,1745,1635,365,59,424,21.2000,24.2980,,
sweep,G-CERT,tau,0.02,benign,800,800,800,0,268,268,33.5000,33.5000,,
sweep,G-CERT,tau,0.02,V1,160,130,30,130,9,139,86.8750,100.0000,,
sweep,G-CERT,tau,0.02,V2,200,200,0,200,0,200,100.0000,100.0000,,
sweep,G-CERT,tau,0.02,V3,220,220,220,0,220,220,100.0000,100.0000,,
sweep,G-CERT,tau,0.02,V4,220,220,220,0,102,102,46.3636,46.3636,,
sweep,G-CERT,tau,0.02,V5,200,0,200,0,74,74,37.0000,,,
sweep,G-CERT,tau,0.02,V6,200,175,165,35,63,98,49.0000,50.2857,,
sweep,G-CERT,tau,0.02,violations_all,1200,945,835,365,468,833,69.4167,78.3069,,
sweep,G-CERT,tau,0.02,all,2000,1745,1635,365,736,1101,55.0500,57.7650,,
sweep,G-CERT,tau,0.03,benign,800,800,800,0,241,241,30.1250,30.1250,,
sweep,G-CERT,tau,0.03,V1,160,130,30,130,9,139,86.8750,100.0000,,
sweep,G-CERT,tau,0.03,V2,200,200,0,200,0,200,100.0000,100.0000,,
sweep,G-CERT,tau,0.03,V3,220,220,220,0,218,218,99.0909,99.0909,,
sweep,G-CERT,tau,0.03,V4,220,220,220,0,99,99,45.0000,45.0000,,
sweep,G-CERT,tau,0.03,V5,200,0,200,0,68,68,34.0000,,,
sweep,G-CERT,tau,0.03,V6,200,175,165,35,57,92,46.0000,46.8571,,
sweep,G-CERT,tau,0.03,violations_all,1200,945,835,365,451,816,68.0000,77.1429,,
sweep,G-CERT,tau,0.03,all,2000,1745,1635,365,692,1057,52.8500,55.5874,,
sweep,G-CERT,tau,0.04,benign,800,800,800,0,204,204,25.5000,25.5000,,
sweep,G-CERT,tau,0.04,V1,160,130,30,130,7,137,85.6250,100.0000,,
sweep,G-CERT,tau,0.04,V2,200,200,0,200,0,200,100.0000,100.0000,,
sweep,G-CERT,tau,0.04,V3,220,220,220,0,218,218,99.0909,99.0909,,
sweep,G-CERT,tau,0.04,V4,220,220,220,0,92,92,41.8182,41.8182,,
sweep,G-CERT,tau,0.04,V5,200,0,200,0,58,58,29.0000,,,
sweep,G-CERT,tau,0.04,V6,200,175,165,35,48,83,41.5000,42.2857,,
sweep,G-CERT,tau,0.04,violations_all,1200,945,835,365,423,788,65.6667,75.5556,,
sweep,G-CERT,tau,0.04,all,2000,1745,1635,365,627,992,49.6000,52.6074,,
sweep,G-CERT,tau,0.05,benign,800,800,800,0,147,147,18.3750,18.3750,,
sweep,G-CERT,tau,0.05,V1,160,130,30,130,5,135,84.3750,100.0000,,
sweep,G-CERT,tau,0.05,V2,200,200,0,200,0,200,100.0000,100.0000,,
sweep,G-CERT,tau,0.05,V3,220,220,220,0,217,217,98.6364,98.6364,,
sweep,G-CERT,tau,0.05,V4,220,220,220,0,82,82,37.2727,37.2727,,
sweep,G-CERT,tau,0.05,V5,200,0,200,0,42,42,21.0000,,,
sweep,G-CERT,tau,0.05,V6,200,175,165,35,37,72,36.0000,37.7143,,
sweep,G-CERT,tau,0.05,violations_all,1200,945,835,365,383,748,62.3333,73.5450,,
sweep,G-CERT,tau,0.05,all,2000,1745,1635,365,530,895,44.7500,48.2521,,
sweep,G-CERT,tau,0.06,benign,800,800,800,0,112,112,14.0000,14.0000,,
sweep,G-CERT,tau,0.06,V1,160,130,30,130,3,133,83.1250,100.0000,,
sweep,G-CERT,tau,0.06,V2,200,200,0,200,0,200,100.0000,100.0000,,
sweep,G-CERT,tau,0.06,V3,220,220,220,0,217,217,98.6364,98.6364,,
sweep,G-CERT,tau,0.06,V4,220,220,220,0,75,75,34.0909,34.0909,,
sweep,G-CERT,tau,0.06,V5,200,0,200,0,32,32,16.0000,,,
sweep,G-CERT,tau,0.06,V6,200,175,165,35,28,63,31.5000,33.7143,,
sweep,G-CERT,tau,0.06,violations_all,1200,945,835,365,355,720,60.0000,72.0635,,
sweep,G-CERT,tau,0.06,all,2000,1745,1635,365,467,832,41.6000,45.4441,,
sweep,G-CERT,tau,0.07,benign,800,800,800,0,71,71,8.8750,8.8750,,
sweep,G-CERT,tau,0.07,V1,160,130,30,130,2,132,82.5000,100.0000,,
sweep,G-CERT,tau,0.07,V2,200,200,0,200,0,200,100.0000,100.0000,,
sweep,G-CERT,tau,0.07,V3,220,220,220,0,215,215,97.7273,97.7273,,
sweep,G-CERT,tau,0.07,V4,220,220,220,0,64,64,29.0909,29.0909,,
sweep,G-CERT,tau,0.07,V5,200,0,200,0,20,20,10.0000,,,
sweep,G-CERT,tau,0.07,V6,200,175,165,35,18,53,26.5000,29.1429,,
sweep,G-CERT,tau,0.07,violations_all,1200,945,835,365,319,684,57.0000,69.8413,,
sweep,G-CERT,tau,0.07,all,2000,1745,1635,365,390,755,37.7500,41.8911,,
sweep,G-CERT,tau,0.08,benign,800,800,800,0,71,71,8.8750,8.8750,,
sweep,G-CERT,tau,0.08,V1,160,130,30,130,2,132,82.5000,100.0000,,
sweep,G-CERT,tau,0.08,V2,200,200,0,200,0,200,100.0000,100.0000,,
sweep,G-CERT,tau,0.08,V3,220,220,220,0,214,214,97.2727,97.2727,,
sweep,G-CERT,tau,0.08,V4,220,220,220,0,62,62,28.1818,28.1818,,
sweep,G-CERT,tau,0.08,V5,200,0,200,0,20,20,10.0000,,,
sweep,G-CERT,tau,0.08,V6,200,175,165,35,18,53,26.5000,29.1429,,
sweep,G-CERT,tau,0.08,violations_all,1200,945,835,365,316,681,56.7500,69.5238,,
sweep,G-CERT,tau,0.08,all,2000,1745,1635,365,387,752,37.6000,41.7192,,
sweep,G-CERT,tau,0.09,benign,800,800,800,0,71,71,8.8750,8.8750,,
sweep,G-CERT,tau,0.09,V1,160,130,30,130,2,132,82.5000,100.0000,,
sweep,G-CERT,tau,0.09,V2,200,200,0,200,0,200,100.0000,100.0000,,
sweep,G-CERT,tau,0.09,V3,220,220,220,0,212,212,96.3636,96.3636,,
sweep,G-CERT,tau,0.09,V4,220,220,220,0,60,60,27.2727,27.2727,,
sweep,G-CERT,tau,0.09,V5,200,0,200,0,20,20,10.0000,,,
sweep,G-CERT,tau,0.09,V6,200,175,165,35,18,53,26.5000,29.1429,,
sweep,G-CERT,tau,0.09,violations_all,1200,945,835,365,312,677,56.4167,69.1005,,
sweep,G-CERT,tau,0.09,all,2000,1745,1635,365,383,748,37.4000,41.4900,,
sweep,G-CERT,tau,0.1,benign,800,800,800,0,60,60,7.5000,7.5000,,
sweep,G-CERT,tau,0.1,V1,160,130,30,130,2,132,82.5000,100.0000,,
sweep,G-CERT,tau,0.1,V2,200,200,0,200,0,200,100.0000,100.0000,,
sweep,G-CERT,tau,0.1,V3,220,220,220,0,210,210,95.4545,95.4545,,
sweep,G-CERT,tau,0.1,V4,220,220,220,0,57,57,25.9091,25.9091,,
sweep,G-CERT,tau,0.1,V5,200,0,200,0,17,17,8.5000,,,
sweep,G-CERT,tau,0.1,V6,200,175,165,35,15,50,25.0000,28.0000,,
sweep,G-CERT,tau,0.1,violations_all,1200,945,835,365,301,666,55.5000,68.3598,,
sweep,G-CERT,tau,0.1,all,2000,1745,1635,365,361,726,36.3000,40.4585,,
sweep,G-CERT,tau,0.11,benign,800,800,800,0,48,48,6.0000,6.0000,,
sweep,G-CERT,tau,0.11,V1,160,130,30,130,2,132,82.5000,100.0000,,
sweep,G-CERT,tau,0.11,V2,200,200,0,200,0,200,100.0000,100.0000,,
sweep,G-CERT,tau,0.11,V3,220,220,220,0,208,208,94.5455,94.5455,,
sweep,G-CERT,tau,0.11,V4,220,220,220,0,53,53,24.0909,24.0909,,
sweep,G-CERT,tau,0.11,V5,200,0,200,0,14,14,7.0000,,,
sweep,G-CERT,tau,0.11,V6,200,175,165,35,11,46,23.0000,25.7143,,
sweep,G-CERT,tau,0.11,violations_all,1200,945,835,365,288,653,54.4167,67.3016,,
sweep,G-CERT,tau,0.11,all,2000,1745,1635,365,336,701,35.0500,39.1977,,
sweep,G-CERT,tau,0.12,benign,800,800,800,0,48,48,6.0000,6.0000,,
sweep,G-CERT,tau,0.12,V1,160,130,30,130,2,132,82.5000,100.0000,,
sweep,G-CERT,tau,0.12,V2,200,200,0,200,0,200,100.0000,100.0000,,
sweep,G-CERT,tau,0.12,V3,220,220,220,0,208,208,94.5455,94.5455,,
sweep,G-CERT,tau,0.12,V4,220,220,220,0,53,53,24.0909,24.0909,,
sweep,G-CERT,tau,0.12,V5,200,0,200,0,14,14,7.0000,,,
sweep,G-CERT,tau,0.12,V6,200,175,165,35,11,46,23.0000,25.7143,,
sweep,G-CERT,tau,0.12,violations_all,1200,945,835,365,288,653,54.4167,67.3016,,
sweep,G-CERT,tau,0.12,all,2000,1745,1635,365,336,701,35.0500,39.1977,,
sweep,G-CERT,tau,0.13,benign,800,800,800,0,24,24,3.0000,3.0000,,
sweep,G-CERT,tau,0.13,V1,160,130,30,130,0,130,81.2500,100.0000,,
sweep,G-CERT,tau,0.13,V2,200,200,0,200,0,200,100.0000,100.0000,,
sweep,G-CERT,tau,0.13,V3,220,220,220,0,208,208,94.5455,94.5455,,
sweep,G-CERT,tau,0.13,V4,220,220,220,0,50,50,22.7273,22.7273,,
sweep,G-CERT,tau,0.13,V5,200,0,200,0,7,7,3.5000,,,
sweep,G-CERT,tau,0.13,V6,200,175,165,35,6,41,20.5000,23.4286,,
sweep,G-CERT,tau,0.13,violations_all,1200,945,835,365,271,636,53.0000,66.5608,,
sweep,G-CERT,tau,0.13,all,2000,1745,1635,365,295,660,33.0000,37.4212,,
sweep,G-CERT,tau,0.14,benign,800,800,800,0,23,23,2.8750,2.8750,,
sweep,G-CERT,tau,0.14,V1,160,130,30,130,0,130,81.2500,100.0000,,
sweep,G-CERT,tau,0.14,V2,200,200,0,200,0,200,100.0000,100.0000,,
sweep,G-CERT,tau,0.14,V3,220,220,220,0,208,208,94.5455,94.5455,,
sweep,G-CERT,tau,0.14,V4,220,220,220,0,50,50,22.7273,22.7273,,
sweep,G-CERT,tau,0.14,V5,200,0,200,0,7,7,3.5000,,,
sweep,G-CERT,tau,0.14,V6,200,175,165,35,6,41,20.5000,23.4286,,
sweep,G-CERT,tau,0.14,violations_all,1200,945,835,365,271,636,53.0000,66.5608,,
sweep,G-CERT,tau,0.14,all,2000,1745,1635,365,294,659,32.9500,37.3639,,
sweep,G-CERT,tau,0.15,benign,800,800,800,0,22,22,2.7500,2.7500,,
sweep,G-CERT,tau,0.15,V1,160,130,30,130,0,130,81.2500,100.0000,,
sweep,G-CERT,tau,0.15,V2,200,200,0,200,0,200,100.0000,100.0000,,
sweep,G-CERT,tau,0.15,V3,220,220,220,0,208,208,94.5455,94.5455,,
sweep,G-CERT,tau,0.15,V4,220,220,220,0,50,50,22.7273,22.7273,,
sweep,G-CERT,tau,0.15,V5,200,0,200,0,7,7,3.5000,,,
sweep,G-CERT,tau,0.15,V6,200,175,165,35,5,40,20.0000,22.8571,,
sweep,G-CERT,tau,0.15,violations_all,1200,945,835,365,270,635,52.9167,66.4550,,
sweep,G-CERT,tau,0.15,all,2000,1745,1635,365,292,657,32.8500,37.2493,,
sweep,G-CERT,tau,0.16,benign,800,800,800,0,22,22,2.7500,2.7500,,
sweep,G-CERT,tau,0.16,V1,160,130,30,130,0,130,81.2500,100.0000,,
sweep,G-CERT,tau,0.16,V2,200,200,0,200,0,200,100.0000,100.0000,,
sweep,G-CERT,tau,0.16,V3,220,220,220,0,208,208,94.5455,94.5455,,
sweep,G-CERT,tau,0.16,V4,220,220,220,0,49,49,22.2727,22.2727,,
sweep,G-CERT,tau,0.16,V5,200,0,200,0,7,7,3.5000,,,
sweep,G-CERT,tau,0.16,V6,200,175,165,35,5,40,20.0000,22.8571,,
sweep,G-CERT,tau,0.16,violations_all,1200,945,835,365,269,634,52.8333,66.3492,,
sweep,G-CERT,tau,0.16,all,2000,1745,1635,365,291,656,32.8000,37.1920,,
sweep,G-CERT,tau,0.17,benign,800,800,800,0,22,22,2.7500,2.7500,,
sweep,G-CERT,tau,0.17,V1,160,130,30,130,0,130,81.2500,100.0000,,
sweep,G-CERT,tau,0.17,V2,200,200,0,200,0,200,100.0000,100.0000,,
sweep,G-CERT,tau,0.17,V3,220,220,220,0,206,206,93.6364,93.6364,,
sweep,G-CERT,tau,0.17,V4,220,220,220,0,49,49,22.2727,22.2727,,
sweep,G-CERT,tau,0.17,V5,200,0,200,0,7,7,3.5000,,,
sweep,G-CERT,tau,0.17,V6,200,175,165,35,4,39,19.5000,22.2857,,
sweep,G-CERT,tau,0.17,violations_all,1200,945,835,365,266,631,52.5833,66.0317,,
sweep,G-CERT,tau,0.17,all,2000,1745,1635,365,288,653,32.6500,37.0201,,
sweep,G-CERT,tau,0.18,benign,800,800,800,0,22,22,2.7500,2.7500,,
sweep,G-CERT,tau,0.18,V1,160,130,30,130,0,130,81.2500,100.0000,,
sweep,G-CERT,tau,0.18,V2,200,200,0,200,0,200,100.0000,100.0000,,
sweep,G-CERT,tau,0.18,V3,220,220,220,0,204,204,92.7273,92.7273,,
sweep,G-CERT,tau,0.18,V4,220,220,220,0,46,46,20.9091,20.9091,,
sweep,G-CERT,tau,0.18,V5,200,0,200,0,7,7,3.5000,,,
sweep,G-CERT,tau,0.18,V6,200,175,165,35,4,39,19.5000,22.2857,,
sweep,G-CERT,tau,0.18,violations_all,1200,945,835,365,261,626,52.1667,65.5026,,
sweep,G-CERT,tau,0.18,all,2000,1745,1635,365,283,648,32.4000,36.7335,,
sweep,G-CERT,tau,0.19,benign,800,800,800,0,22,22,2.7500,2.7500,,
sweep,G-CERT,tau,0.19,V1,160,130,30,130,0,130,81.2500,100.0000,,
sweep,G-CERT,tau,0.19,V2,200,200,0,200,0,200,100.0000,100.0000,,
sweep,G-CERT,tau,0.19,V3,220,220,220,0,203,203,92.2727,92.2727,,
sweep,G-CERT,tau,0.19,V4,220,220,220,0,46,46,20.9091,20.9091,,
sweep,G-CERT,tau,0.19,V5,200,0,200,0,7,7,3.5000,,,
sweep,G-CERT,tau,0.19,V6,200,175,165,35,4,39,19.5000,22.2857,,
sweep,G-CERT,tau,0.19,violations_all,1200,945,835,365,260,625,52.0833,65.3968,,
sweep,G-CERT,tau,0.19,all,2000,1745,1635,365,282,647,32.3500,36.6762,,
sweep,G-CERT,tau,0.2,benign,800,800,800,0,21,21,2.6250,2.6250,,
sweep,G-CERT,tau,0.2,V1,160,130,30,130,0,130,81.2500,100.0000,,
sweep,G-CERT,tau,0.2,V2,200,200,0,200,0,200,100.0000,100.0000,,
sweep,G-CERT,tau,0.2,V3,220,220,220,0,201,201,91.3636,91.3636,,
sweep,G-CERT,tau,0.2,V4,220,220,220,0,46,46,20.9091,20.9091,,
sweep,G-CERT,tau,0.2,V5,200,0,200,0,7,7,3.5000,,,
sweep,G-CERT,tau,0.2,V6,200,175,165,35,4,39,19.5000,22.2857,,
sweep,G-CERT,tau,0.2,violations_all,1200,945,835,365,258,623,51.9167,65.1852,,
sweep,G-CERT,tau,0.2,all,2000,1745,1635,365,279,644,32.2000,36.5043,,
sweep,G-CERT,tau,0.21,benign,800,800,800,0,21,21,2.6250,2.6250,,
sweep,G-CERT,tau,0.21,V1,160,130,30,130,0,130,81.2500,100.0000,,
sweep,G-CERT,tau,0.21,V2,200,200,0,200,0,200,100.0000,100.0000,,
sweep,G-CERT,tau,0.21,V3,220,220,220,0,198,198,90.0000,90.0000,,
sweep,G-CERT,tau,0.21,V4,220,220,220,0,46,46,20.9091,20.9091,,
sweep,G-CERT,tau,0.21,V5,200,0,200,0,7,7,3.5000,,,
sweep,G-CERT,tau,0.21,V6,200,175,165,35,4,39,19.5000,22.2857,,
sweep,G-CERT,tau,0.21,violations_all,1200,945,835,365,255,620,51.6667,64.8677,,
sweep,G-CERT,tau,0.21,all,2000,1745,1635,365,276,641,32.0500,36.3324,,
sweep,G-CERT,tau,0.22,benign,800,800,800,0,21,21,2.6250,2.6250,,
sweep,G-CERT,tau,0.22,V1,160,130,30,130,0,130,81.2500,100.0000,,
sweep,G-CERT,tau,0.22,V2,200,200,0,200,0,200,100.0000,100.0000,,
sweep,G-CERT,tau,0.22,V3,220,220,220,0,197,197,89.5455,89.5455,,
sweep,G-CERT,tau,0.22,V4,220,220,220,0,45,45,20.4545,20.4545,,
sweep,G-CERT,tau,0.22,V5,200,0,200,0,7,7,3.5000,,,
sweep,G-CERT,tau,0.22,V6,200,175,165,35,4,39,19.5000,22.2857,,
sweep,G-CERT,tau,0.22,violations_all,1200,945,835,365,253,618,51.5000,64.6561,,
sweep,G-CERT,tau,0.22,all,2000,1745,1635,365,274,639,31.9500,36.2178,,
sweep,G-CERT,tau,0.23,benign,800,800,800,0,10,10,1.2500,1.2500,,
sweep,G-CERT,tau,0.23,V1,160,130,30,130,0,130,81.2500,100.0000,,
sweep,G-CERT,tau,0.23,V2,200,200,0,200,0,200,100.0000,100.0000,,
sweep,G-CERT,tau,0.23,V3,220,220,220,0,194,194,88.1818,88.1818,,
sweep,G-CERT,tau,0.23,V4,220,220,220,0,44,44,20.0000,20.0000,,
sweep,G-CERT,tau,0.23,V5,200,0,200,0,3,3,1.5000,,,
sweep,G-CERT,tau,0.23,V6,200,175,165,35,2,37,18.5000,21.1429,,
sweep,G-CERT,tau,0.23,violations_all,1200,945,835,365,243,608,50.6667,64.0212,,
sweep,G-CERT,tau,0.23,all,2000,1745,1635,365,253,618,30.9000,35.2436,,
sweep,G-CERT,tau,0.24,benign,800,800,800,0,10,10,1.2500,1.2500,,
sweep,G-CERT,tau,0.24,V1,160,130,30,130,0,130,81.2500,100.0000,,
sweep,G-CERT,tau,0.24,V2,200,200,0,200,0,200,100.0000,100.0000,,
sweep,G-CERT,tau,0.24,V3,220,220,220,0,192,192,87.2727,87.2727,,
sweep,G-CERT,tau,0.24,V4,220,220,220,0,42,42,19.0909,19.0909,,
sweep,G-CERT,tau,0.24,V5,200,0,200,0,3,3,1.5000,,,
sweep,G-CERT,tau,0.24,V6,200,175,165,35,2,37,18.5000,21.1429,,
sweep,G-CERT,tau,0.24,violations_all,1200,945,835,365,239,604,50.3333,63.5979,,
sweep,G-CERT,tau,0.24,all,2000,1745,1635,365,249,614,30.7000,35.0143,,
sweep,G-CERT,tau,0.25,benign,800,800,800,0,10,10,1.2500,1.2500,,
sweep,G-CERT,tau,0.25,V1,160,130,30,130,0,130,81.2500,100.0000,,
sweep,G-CERT,tau,0.25,V2,200,200,0,200,0,200,100.0000,100.0000,,
sweep,G-CERT,tau,0.25,V3,220,220,220,0,190,190,86.3636,86.3636,,
sweep,G-CERT,tau,0.25,V4,220,220,220,0,40,40,18.1818,18.1818,,
sweep,G-CERT,tau,0.25,V5,200,0,200,0,3,3,1.5000,,,
sweep,G-CERT,tau,0.25,V6,200,175,165,35,2,37,18.5000,21.1429,,
sweep,G-CERT,tau,0.25,violations_all,1200,945,835,365,235,600,50.0000,63.1746,,
sweep,G-CERT,tau,0.25,all,2000,1745,1635,365,245,610,30.5000,34.7851,,
sweep,G-CERT,tau,0.26,benign,800,800,800,0,10,10,1.2500,1.2500,,
sweep,G-CERT,tau,0.26,V1,160,130,30,130,0,130,81.2500,100.0000,,
sweep,G-CERT,tau,0.26,V2,200,200,0,200,0,200,100.0000,100.0000,,
sweep,G-CERT,tau,0.26,V3,220,220,220,0,188,188,85.4545,85.4545,,
sweep,G-CERT,tau,0.26,V4,220,220,220,0,40,40,18.1818,18.1818,,
sweep,G-CERT,tau,0.26,V5,200,0,200,0,3,3,1.5000,,,
sweep,G-CERT,tau,0.26,V6,200,175,165,35,2,37,18.5000,21.1429,,
sweep,G-CERT,tau,0.26,violations_all,1200,945,835,365,233,598,49.8333,62.9630,,
sweep,G-CERT,tau,0.26,all,2000,1745,1635,365,243,608,30.4000,34.6705,,
sweep,G-CERT,tau,0.27,benign,800,800,800,0,10,10,1.2500,1.2500,,
sweep,G-CERT,tau,0.27,V1,160,130,30,130,0,130,81.2500,100.0000,,
sweep,G-CERT,tau,0.27,V2,200,200,0,200,0,200,100.0000,100.0000,,
sweep,G-CERT,tau,0.27,V3,220,220,220,0,186,186,84.5455,84.5455,,
sweep,G-CERT,tau,0.27,V4,220,220,220,0,40,40,18.1818,18.1818,,
sweep,G-CERT,tau,0.27,V5,200,0,200,0,3,3,1.5000,,,
sweep,G-CERT,tau,0.27,V6,200,175,165,35,2,37,18.5000,21.1429,,
sweep,G-CERT,tau,0.27,violations_all,1200,945,835,365,231,596,49.6667,62.7513,,
sweep,G-CERT,tau,0.27,all,2000,1745,1635,365,241,606,30.3000,34.5559,,
sweep,G-CERT,tau,0.28,benign,800,800,800,0,10,10,1.2500,1.2500,,
sweep,G-CERT,tau,0.28,V1,160,130,30,130,0,130,81.2500,100.0000,,
sweep,G-CERT,tau,0.28,V2,200,200,0,200,0,200,100.0000,100.0000,,
sweep,G-CERT,tau,0.28,V3,220,220,220,0,179,179,81.3636,81.3636,,
sweep,G-CERT,tau,0.28,V4,220,220,220,0,38,38,17.2727,17.2727,,
sweep,G-CERT,tau,0.28,V5,200,0,200,0,3,3,1.5000,,,
sweep,G-CERT,tau,0.28,V6,200,175,165,35,2,37,18.5000,21.1429,,
sweep,G-CERT,tau,0.28,violations_all,1200,945,835,365,222,587,48.9167,61.7989,,
sweep,G-CERT,tau,0.28,all,2000,1745,1635,365,232,597,29.8500,34.0401,,
sweep,G-CERT,tau,0.29,benign,800,800,800,0,0,0,0.0000,0.0000,,
sweep,G-CERT,tau,0.29,V1,160,130,30,130,0,130,81.2500,100.0000,,
sweep,G-CERT,tau,0.29,V2,200,200,0,200,0,200,100.0000,100.0000,,
sweep,G-CERT,tau,0.29,V3,220,220,220,0,177,177,80.4545,80.4545,,
sweep,G-CERT,tau,0.29,V4,220,220,220,0,37,37,16.8182,16.8182,,
sweep,G-CERT,tau,0.29,V5,200,0,200,0,0,0,0.0000,,,
sweep,G-CERT,tau,0.29,V6,200,175,165,35,0,35,17.5000,20.0000,,
sweep,G-CERT,tau,0.29,violations_all,1200,945,835,365,214,579,48.2500,61.2698,,
sweep,G-CERT,tau,0.29,all,2000,1745,1635,365,214,579,28.9500,33.1805,,
sweep,G-CERT,tau,0.3,benign,800,800,800,0,0,0,0.0000,0.0000,,
sweep,G-CERT,tau,0.3,V1,160,130,30,130,0,130,81.2500,100.0000,,
sweep,G-CERT,tau,0.3,V2,200,200,0,200,0,200,100.0000,100.0000,,
sweep,G-CERT,tau,0.3,V3,220,220,220,0,176,176,80.0000,80.0000,,
sweep,G-CERT,tau,0.3,V4,220,220,220,0,35,35,15.9091,15.9091,,
sweep,G-CERT,tau,0.3,V5,200,0,200,0,0,0,0.0000,,,
sweep,G-CERT,tau,0.3,V6,200,175,165,35,0,35,17.5000,20.0000,,
sweep,G-CERT,tau,0.3,violations_all,1200,945,835,365,211,576,48.0000,60.9524,,
sweep,G-CERT,tau,0.3,all,2000,1745,1635,365,211,576,28.8000,33.0086,,
sweep,G-CERT,tau,0.31,benign,800,800,800,0,0,0,0.0000,0.0000,,
sweep,G-CERT,tau,0.31,V1,160,130,30,130,0,130,81.2500,100.0000,,
sweep,G-CERT,tau,0.31,V2,200,200,0,200,0,200,100.0000,100.0000,,
sweep,G-CERT,tau,0.31,V3,220,220,220,0,174,174,79.0909,79.0909,,
sweep,G-CERT,tau,0.31,V4,220,220,220,0,34,34,15.4545,15.4545,,
sweep,G-CERT,tau,0.31,V5,200,0,200,0,0,0,0.0000,,,
sweep,G-CERT,tau,0.31,V6,200,175,165,35,0,35,17.5000,20.0000,,
sweep,G-CERT,tau,0.31,violations_all,1200,945,835,365,208,573,47.7500,60.6349,,
sweep,G-CERT,tau,0.31,all,2000,1745,1635,365,208,573,28.6500,32.8367,,
sweep,G-CERT,tau,0.32,benign,800,800,800,0,0,0,0.0000,0.0000,,
sweep,G-CERT,tau,0.32,V1,160,130,30,130,0,130,81.2500,100.0000,,
sweep,G-CERT,tau,0.32,V2,200,200,0,200,0,200,100.0000,100.0000,,
sweep,G-CERT,tau,0.32,V3,220,220,220,0,171,171,77.7273,77.7273,,
sweep,G-CERT,tau,0.32,V4,220,220,220,0,34,34,15.4545,15.4545,,
sweep,G-CERT,tau,0.32,V5,200,0,200,0,0,0,0.0000,,,
sweep,G-CERT,tau,0.32,V6,200,175,165,35,0,35,17.5000,20.0000,,
sweep,G-CERT,tau,0.32,violations_all,1200,945,835,365,205,570,47.5000,60.3175,,
sweep,G-CERT,tau,0.32,all,2000,1745,1635,365,205,570,28.5000,32.6648,,
sweep,G-CERT,tau,0.33,benign,800,800,800,0,0,0,0.0000,0.0000,,
sweep,G-CERT,tau,0.33,V1,160,130,30,130,0,130,81.2500,100.0000,,
sweep,G-CERT,tau,0.33,V2,200,200,0,200,0,200,100.0000,100.0000,,
sweep,G-CERT,tau,0.33,V3,220,220,220,0,169,169,76.8182,76.8182,,
sweep,G-CERT,tau,0.33,V4,220,220,220,0,32,32,14.5455,14.5455,,
sweep,G-CERT,tau,0.33,V5,200,0,200,0,0,0,0.0000,,,
sweep,G-CERT,tau,0.33,V6,200,175,165,35,0,35,17.5000,20.0000,,
sweep,G-CERT,tau,0.33,violations_all,1200,945,835,365,201,566,47.1667,59.8942,,
sweep,G-CERT,tau,0.33,all,2000,1745,1635,365,201,566,28.3000,32.4355,,
sweep,G-CERT,tau,0.34,benign,800,800,800,0,0,0,0.0000,0.0000,,
sweep,G-CERT,tau,0.34,V1,160,130,30,130,0,130,81.2500,100.0000,,
sweep,G-CERT,tau,0.34,V2,200,200,0,200,0,200,100.0000,100.0000,,
sweep,G-CERT,tau,0.34,V3,220,220,220,0,167,167,75.9091,75.9091,,
sweep,G-CERT,tau,0.34,V4,220,220,220,0,29,29,13.1818,13.1818,,
sweep,G-CERT,tau,0.34,V5,200,0,200,0,0,0,0.0000,,,
sweep,G-CERT,tau,0.34,V6,200,175,165,35,0,35,17.5000,20.0000,,
sweep,G-CERT,tau,0.34,violations_all,1200,945,835,365,196,561,46.7500,59.3651,,
sweep,G-CERT,tau,0.34,all,2000,1745,1635,365,196,561,28.0500,32.1490,,
sweep,G-CERT,tau,0.35,benign,800,800,800,0,0,0,0.0000,0.0000,,
sweep,G-CERT,tau,0.35,V1,160,130,30,130,0,130,81.2500,100.0000,,
sweep,G-CERT,tau,0.35,V2,200,200,0,200,0,200,100.0000,100.0000,,
sweep,G-CERT,tau,0.35,V3,220,220,220,0,166,166,75.4545,75.4545,,
sweep,G-CERT,tau,0.35,V4,220,220,220,0,28,28,12.7273,12.7273,,
sweep,G-CERT,tau,0.35,V5,200,0,200,0,0,0,0.0000,,,
sweep,G-CERT,tau,0.35,V6,200,175,165,35,0,35,17.5000,20.0000,,
sweep,G-CERT,tau,0.35,violations_all,1200,945,835,365,194,559,46.5833,59.1534,,
sweep,G-CERT,tau,0.35,all,2000,1745,1635,365,194,559,27.9500,32.0344,,
sweep,G-CERT,tau,0.36,benign,800,800,800,0,0,0,0.0000,0.0000,,
sweep,G-CERT,tau,0.36,V1,160,130,30,130,0,130,81.2500,100.0000,,
sweep,G-CERT,tau,0.36,V2,200,200,0,200,0,200,100.0000,100.0000,,
sweep,G-CERT,tau,0.36,V3,220,220,220,0,163,163,74.0909,74.0909,,
sweep,G-CERT,tau,0.36,V4,220,220,220,0,27,27,12.2727,12.2727,,
sweep,G-CERT,tau,0.36,V5,200,0,200,0,0,0,0.0000,,,
sweep,G-CERT,tau,0.36,V6,200,175,165,35,0,35,17.5000,20.0000,,
sweep,G-CERT,tau,0.36,violations_all,1200,945,835,365,190,555,46.2500,58.7302,,
sweep,G-CERT,tau,0.36,all,2000,1745,1635,365,190,555,27.7500,31.8052,,
sweep,G-CERT,tau,0.37,benign,800,800,800,0,0,0,0.0000,0.0000,,
sweep,G-CERT,tau,0.37,V1,160,130,30,130,0,130,81.2500,100.0000,,
sweep,G-CERT,tau,0.37,V2,200,200,0,200,0,200,100.0000,100.0000,,
sweep,G-CERT,tau,0.37,V3,220,220,220,0,158,158,71.8182,71.8182,,
sweep,G-CERT,tau,0.37,V4,220,220,220,0,26,26,11.8182,11.8182,,
sweep,G-CERT,tau,0.37,V5,200,0,200,0,0,0,0.0000,,,
sweep,G-CERT,tau,0.37,V6,200,175,165,35,0,35,17.5000,20.0000,,
sweep,G-CERT,tau,0.37,violations_all,1200,945,835,365,184,549,45.7500,58.0952,,
sweep,G-CERT,tau,0.37,all,2000,1745,1635,365,184,549,27.4500,31.4613,,
sweep,G-CERT,tau,0.38,benign,800,800,800,0,0,0,0.0000,0.0000,,
sweep,G-CERT,tau,0.38,V1,160,130,30,130,0,130,81.2500,100.0000,,
sweep,G-CERT,tau,0.38,V2,200,200,0,200,0,200,100.0000,100.0000,,
sweep,G-CERT,tau,0.38,V3,220,220,220,0,151,151,68.6364,68.6364,,
sweep,G-CERT,tau,0.38,V4,220,220,220,0,24,24,10.9091,10.9091,,
sweep,G-CERT,tau,0.38,V5,200,0,200,0,0,0,0.0000,,,
sweep,G-CERT,tau,0.38,V6,200,175,165,35,0,35,17.5000,20.0000,,
sweep,G-CERT,tau,0.38,violations_all,1200,945,835,365,175,540,45.0000,57.1429,,
sweep,G-CERT,tau,0.38,all,2000,1745,1635,365,175,540,27.0000,30.9456,,
sweep,G-CERT,tau,0.39,benign,800,800,800,0,0,0,0.0000,0.0000,,
sweep,G-CERT,tau,0.39,V1,160,130,30,130,0,130,81.2500,100.0000,,
sweep,G-CERT,tau,0.39,V2,200,200,0,200,0,200,100.0000,100.0000,,
sweep,G-CERT,tau,0.39,V3,220,220,220,0,150,150,68.1818,68.1818,,
sweep,G-CERT,tau,0.39,V4,220,220,220,0,24,24,10.9091,10.9091,,
sweep,G-CERT,tau,0.39,V5,200,0,200,0,0,0,0.0000,,,
sweep,G-CERT,tau,0.39,V6,200,175,165,35,0,35,17.5000,20.0000,,
sweep,G-CERT,tau,0.39,violations_all,1200,945,835,365,174,539,44.9167,57.0370,,
sweep,G-CERT,tau,0.39,all,2000,1745,1635,365,174,539,26.9500,30.8883,,
sweep,G-CERT,tau,0.4,benign,800,800,800,0,0,0,0.0000,0.0000,,
sweep,G-CERT,tau,0.4,V1,160,130,30,130,0,130,81.2500,100.0000,,
sweep,G-CERT,tau,0.4,V2,200,200,0,200,0,200,100.0000,100.0000,,
sweep,G-CERT,tau,0.4,V3,220,220,220,0,148,148,67.2727,67.2727,,
sweep,G-CERT,tau,0.4,V4,220,220,220,0,23,23,10.4545,10.4545,,
sweep,G-CERT,tau,0.4,V5,200,0,200,0,0,0,0.0000,,,
sweep,G-CERT,tau,0.4,V6,200,175,165,35,0,35,17.5000,20.0000,,
sweep,G-CERT,tau,0.4,violations_all,1200,945,835,365,171,536,44.6667,56.7196,,
sweep,G-CERT,tau,0.4,all,2000,1745,1635,365,171,536,26.8000,30.7163,,
sweep,G-CERT,tau,0.41,benign,800,800,800,0,0,0,0.0000,0.0000,,
sweep,G-CERT,tau,0.41,V1,160,130,30,130,0,130,81.2500,100.0000,,
sweep,G-CERT,tau,0.41,V2,200,200,0,200,0,200,100.0000,100.0000,,
sweep,G-CERT,tau,0.41,V3,220,220,220,0,148,148,67.2727,67.2727,,
sweep,G-CERT,tau,0.41,V4,220,220,220,0,23,23,10.4545,10.4545,,
sweep,G-CERT,tau,0.41,V5,200,0,200,0,0,0,0.0000,,,
sweep,G-CERT,tau,0.41,V6,200,175,165,35,0,35,17.5000,20.0000,,
sweep,G-CERT,tau,0.41,violations_all,1200,945,835,365,171,536,44.6667,56.7196,,
sweep,G-CERT,tau,0.41,all,2000,1745,1635,365,171,536,26.8000,30.7163,,
sweep,G-CERT,tau,0.42,benign,800,800,800,0,0,0,0.0000,0.0000,,
sweep,G-CERT,tau,0.42,V1,160,130,30,130,0,130,81.2500,100.0000,,
sweep,G-CERT,tau,0.42,V2,200,200,0,200,0,200,100.0000,100.0000,,
sweep,G-CERT,tau,0.42,V3,220,220,220,0,148,148,67.2727,67.2727,,
sweep,G-CERT,tau,0.42,V4,220,220,220,0,23,23,10.4545,10.4545,,
sweep,G-CERT,tau,0.42,V5,200,0,200,0,0,0,0.0000,,,
sweep,G-CERT,tau,0.42,V6,200,175,165,35,0,35,17.5000,20.0000,,
sweep,G-CERT,tau,0.42,violations_all,1200,945,835,365,171,536,44.6667,56.7196,,
sweep,G-CERT,tau,0.42,all,2000,1745,1635,365,171,536,26.8000,30.7163,,
sweep,G-CERT,tau,0.43,benign,800,800,800,0,0,0,0.0000,0.0000,,
sweep,G-CERT,tau,0.43,V1,160,130,30,130,0,130,81.2500,100.0000,,
sweep,G-CERT,tau,0.43,V2,200,200,0,200,0,200,100.0000,100.0000,,
sweep,G-CERT,tau,0.43,V3,220,220,220,0,146,146,66.3636,66.3636,,
sweep,G-CERT,tau,0.43,V4,220,220,220,0,22,22,10.0000,10.0000,,
sweep,G-CERT,tau,0.43,V5,200,0,200,0,0,0,0.0000,,,
sweep,G-CERT,tau,0.43,V6,200,175,165,35,0,35,17.5000,20.0000,,
sweep,G-CERT,tau,0.43,violations_all,1200,945,835,365,168,533,44.4167,56.4021,,
sweep,G-CERT,tau,0.43,all,2000,1745,1635,365,168,533,26.6500,30.5444,,
sweep,G-CERT,tau,0.44,benign,800,800,800,0,0,0,0.0000,0.0000,,
sweep,G-CERT,tau,0.44,V1,160,130,30,130,0,130,81.2500,100.0000,,
sweep,G-CERT,tau,0.44,V2,200,200,0,200,0,200,100.0000,100.0000,,
sweep,G-CERT,tau,0.44,V3,220,220,220,0,144,144,65.4545,65.4545,,
sweep,G-CERT,tau,0.44,V4,220,220,220,0,22,22,10.0000,10.0000,,
sweep,G-CERT,tau,0.44,V5,200,0,200,0,0,0,0.0000,,,
sweep,G-CERT,tau,0.44,V6,200,175,165,35,0,35,17.5000,20.0000,,
sweep,G-CERT,tau,0.44,violations_all,1200,945,835,365,166,531,44.2500,56.1905,,
sweep,G-CERT,tau,0.44,all,2000,1745,1635,365,166,531,26.5500,30.4298,,
sweep,G-CERT,tau,0.45,benign,800,800,800,0,0,0,0.0000,0.0000,,
sweep,G-CERT,tau,0.45,V1,160,130,30,130,0,130,81.2500,100.0000,,
sweep,G-CERT,tau,0.45,V2,200,200,0,200,0,200,100.0000,100.0000,,
sweep,G-CERT,tau,0.45,V3,220,220,220,0,140,140,63.6364,63.6364,,
sweep,G-CERT,tau,0.45,V4,220,220,220,0,22,22,10.0000,10.0000,,
sweep,G-CERT,tau,0.45,V5,200,0,200,0,0,0,0.0000,,,
sweep,G-CERT,tau,0.45,V6,200,175,165,35,0,35,17.5000,20.0000,,
sweep,G-CERT,tau,0.45,violations_all,1200,945,835,365,162,527,43.9167,55.7672,,
sweep,G-CERT,tau,0.45,all,2000,1745,1635,365,162,527,26.3500,30.2006,,
sweep,G-CERT,tau,0.46,benign,800,800,800,0,0,0,0.0000,0.0000,,
sweep,G-CERT,tau,0.46,V1,160,130,30,130,0,130,81.2500,100.0000,,
sweep,G-CERT,tau,0.46,V2,200,200,0,200,0,200,100.0000,100.0000,,
sweep,G-CERT,tau,0.46,V3,220,220,220,0,137,137,62.2727,62.2727,,
sweep,G-CERT,tau,0.46,V4,220,220,220,0,22,22,10.0000,10.0000,,
sweep,G-CERT,tau,0.46,V5,200,0,200,0,0,0,0.0000,,,
sweep,G-CERT,tau,0.46,V6,200,175,165,35,0,35,17.5000,20.0000,,
sweep,G-CERT,tau,0.46,violations_all,1200,945,835,365,159,524,43.6667,55.4497,,
sweep,G-CERT,tau,0.46,all,2000,1745,1635,365,159,524,26.2000,30.0287,,
sweep,G-CERT,tau,0.47,benign,800,800,800,0,0,0,0.0000,0.0000,,
sweep,G-CERT,tau,0.47,V1,160,130,30,130,0,130,81.2500,100.0000,,
sweep,G-CERT,tau,0.47,V2,200,200,0,200,0,200,100.0000,100.0000,,
sweep,G-CERT,tau,0.47,V3,220,220,220,0,136,136,61.8182,61.8182,,
sweep,G-CERT,tau,0.47,V4,220,220,220,0,21,21,9.5455,9.5455,,
sweep,G-CERT,tau,0.47,V5,200,0,200,0,0,0,0.0000,,,
sweep,G-CERT,tau,0.47,V6,200,175,165,35,0,35,17.5000,20.0000,,
sweep,G-CERT,tau,0.47,violations_all,1200,945,835,365,157,522,43.5000,55.2381,,
sweep,G-CERT,tau,0.47,all,2000,1745,1635,365,157,522,26.1000,29.9140,,
sweep,G-CERT,tau,0.48,benign,800,800,800,0,0,0,0.0000,0.0000,,
sweep,G-CERT,tau,0.48,V1,160,130,30,130,0,130,81.2500,100.0000,,
sweep,G-CERT,tau,0.48,V2,200,200,0,200,0,200,100.0000,100.0000,,
sweep,G-CERT,tau,0.48,V3,220,220,220,0,135,135,61.3636,61.3636,,
sweep,G-CERT,tau,0.48,V4,220,220,220,0,20,20,9.0909,9.0909,,
sweep,G-CERT,tau,0.48,V5,200,0,200,0,0,0,0.0000,,,
sweep,G-CERT,tau,0.48,V6,200,175,165,35,0,35,17.5000,20.0000,,
sweep,G-CERT,tau,0.48,violations_all,1200,945,835,365,155,520,43.3333,55.0265,,
sweep,G-CERT,tau,0.48,all,2000,1745,1635,365,155,520,26.0000,29.7994,,
sweep,G-CERT,tau,0.49,benign,800,800,800,0,0,0,0.0000,0.0000,,
sweep,G-CERT,tau,0.49,V1,160,130,30,130,0,130,81.2500,100.0000,,
sweep,G-CERT,tau,0.49,V2,200,200,0,200,0,200,100.0000,100.0000,,
sweep,G-CERT,tau,0.49,V3,220,220,220,0,133,133,60.4545,60.4545,,
sweep,G-CERT,tau,0.49,V4,220,220,220,0,20,20,9.0909,9.0909,,
sweep,G-CERT,tau,0.49,V5,200,0,200,0,0,0,0.0000,,,
sweep,G-CERT,tau,0.49,V6,200,175,165,35,0,35,17.5000,20.0000,,
sweep,G-CERT,tau,0.49,violations_all,1200,945,835,365,153,518,43.1667,54.8148,,
sweep,G-CERT,tau,0.49,all,2000,1745,1635,365,153,518,25.9000,29.6848,,
sweep,G-CERT,tau,0.5,benign,800,800,800,0,0,0,0.0000,0.0000,,
sweep,G-CERT,tau,0.5,V1,160,130,30,130,0,130,81.2500,100.0000,,
sweep,G-CERT,tau,0.5,V2,200,200,0,200,0,200,100.0000,100.0000,,
sweep,G-CERT,tau,0.5,V3,220,220,220,0,130,130,59.0909,59.0909,,
sweep,G-CERT,tau,0.5,V4,220,220,220,0,20,20,9.0909,9.0909,,
sweep,G-CERT,tau,0.5,V5,200,0,200,0,0,0,0.0000,,,
sweep,G-CERT,tau,0.5,V6,200,175,165,35,0,35,17.5000,20.0000,,
sweep,G-CERT,tau,0.5,violations_all,1200,945,835,365,150,515,42.9167,54.4974,,
sweep,G-CERT,tau,0.5,all,2000,1745,1635,365,150,515,25.7500,29.5129,,
sweep,G-CERT,tau,1,benign,800,800,800,0,0,0,0.0000,0.0000,,
sweep,G-CERT,tau,1,V1,160,130,30,130,0,130,81.2500,100.0000,,
sweep,G-CERT,tau,1,V2,200,200,0,200,0,200,100.0000,100.0000,,
sweep,G-CERT,tau,1,V3,220,220,220,0,63,63,28.6364,28.6364,,
sweep,G-CERT,tau,1,V4,220,220,220,0,9,9,4.0909,4.0909,,
sweep,G-CERT,tau,1,V5,200,0,200,0,0,0,0.0000,,,
sweep,G-CERT,tau,1,V6,200,175,165,35,0,35,17.5000,20.0000,,
sweep,G-CERT,tau,1,violations_all,1200,945,835,365,72,437,36.4167,46.2434,,
sweep,G-CERT,tau,1,all,2000,1745,1635,365,72,437,21.8500,25.0430,,
certificate,G-CERT,tau,0.2,benign,800,800,800,0,21,21,2.6250,2.6250,,the published operating point; benign 2.6% and V3 91.4% are the two macros the manuscript prints
certificate,G-CERT,tau,0.2,V1,160,130,30,130,0,130,81.2500,100.0000,,the published operating point; benign 2.6% and V3 91.4% are the two macros the manuscript prints
certificate,G-CERT,tau,0.2,V2,200,200,0,200,0,200,100.0000,100.0000,,the published operating point; benign 2.6% and V3 91.4% are the two macros the manuscript prints
certificate,G-CERT,tau,0.2,V3,220,220,220,0,201,201,91.3636,91.3636,,the published operating point; benign 2.6% and V3 91.4% are the two macros the manuscript prints
certificate,G-CERT,tau,0.2,V4,220,220,220,0,46,46,20.9091,20.9091,,the published operating point; benign 2.6% and V3 91.4% are the two macros the manuscript prints
certificate,G-CERT,tau,0.2,V5,200,0,200,0,7,7,3.5000,,,the published operating point; benign 2.6% and V3 91.4% are the two macros the manuscript prints
certificate,G-CERT,tau,0.2,V6,200,175,165,35,4,39,19.5000,22.2857,,the published operating point; benign 2.6% and V3 91.4% are the two macros the manuscript prints
certificate,G-CERT,tau,0.2,violations_all,1200,945,835,365,258,623,51.9167,65.1852,,the published operating point; benign 2.6% and V3 91.4% are the two macros the manuscript prints
certificate,G-CERT,tau,0.2,all,2000,1745,1635,365,279,644,32.2000,36.5043,,the published operating point; benign 2.6% and V3 91.4% are the two macros the manuscript prints
matched,D-REL1,theta,0.02,benign,800,800,800,0,12,12,1.5000,1.5000,,
matched,D-REL1,theta,0.02,V1,160,130,30,130,0,130,81.2500,100.0000,,
matched,D-REL1,theta,0.02,V2,200,200,0,200,0,200,100.0000,100.0000,,
matched,D-REL1,theta,0.02,V3,220,220,220,0,217,217,98.6364,98.6364,,
matched,D-REL1,theta,0.02,V4,220,220,220,0,50,50,22.7273,22.7273,,
matched,D-REL1,theta,0.02,V5,200,0,200,0,0,0,0.0000,,,
matched,D-REL1,theta,0.02,V6,200,175,165,35,15,50,25.0000,28.5714,,
matched,D-REL1,theta,0.02,violations_all,1200,945,835,365,282,647,53.9167,68.4656,,
matched,D-REL1,theta,0.02,all,2000,1745,1635,365,294,659,32.9500,37.7650,,
matched,D-REL2,theta,0.02,benign,800,800,800,0,0,0,0.0000,0.0000,,
matched,D-REL2,theta,0.02,V1,160,130,30,130,0,130,81.2500,100.0000,,
matched,D-REL2,theta,0.02,V2,200,200,0,200,0,200,100.0000,100.0000,,
matched,D-REL2,theta,0.02,V3,220,220,220,0,217,217,98.6364,98.6364,,
matched,D-REL2,theta,0.02,V4,220,220,220,0,50,50,22.7273,22.7273,,
matched,D-REL2,theta,0.02,V5,200,0,200,0,0,0,0.0000,,,
matched,D-REL2,theta,0.02,V6,200,175,165,35,0,35,17.5000,20.0000,,
matched,D-REL2,theta,0.02,violations_all,1200,945,835,365,267,632,52.6667,66.8783,,
matched,D-REL2,theta,0.02,all,2000,1745,1635,365,267,632,31.6000,36.2178,,
matched,D-ABS,A_bh,0.8119,benign,800,800,800,0,21,21,2.6250,2.6250,,
matched,D-ABS,A_bh,0.8119,V1,160,130,30,130,0,130,81.2500,100.0000,,
matched,D-ABS,A_bh,0.8119,V2,200,200,0,200,0,200,100.0000,100.0000,,
matched,D-ABS,A_bh,0.8119,V3,220,220,220,0,220,220,100.0000,100.0000,,
matched,D-ABS,A_bh,0.8119,V4,220,220,220,0,55,55,25.0000,25.0000,,
matched,D-ABS,A_bh,0.8119,V5,200,0,200,0,0,0,0.0000,,,
matched,D-ABS,A_bh,0.8119,V6,200,175,165,35,15,50,25.0000,28.5714,,
matched,D-ABS,A_bh,0.8119,violations_all,1200,945,835,365,290,655,54.5833,69.3122,,
matched,D-ABS,A_bh,0.8119,all,2000,1745,1635,365,311,676,33.8000,38.7393,,
matched,D-REL1-ORIG,theta,0.02,benign,800,800,800,0,0,0,0.0000,0.0000,,"sensitivity, not a headline baseline"
matched,D-REL1-ORIG,theta,0.02,V1,160,130,30,130,0,130,81.2500,100.0000,,"sensitivity, not a headline baseline"
matched,D-REL1-ORIG,theta,0.02,V2,200,200,0,200,0,200,100.0000,100.0000,,"sensitivity, not a headline baseline"
matched,D-REL1-ORIG,theta,0.02,V3,220,220,220,0,217,217,98.6364,98.6364,,"sensitivity, not a headline baseline"
matched,D-REL1-ORIG,theta,0.02,V4,220,220,220,0,83,83,37.7273,37.7273,,"sensitivity, not a headline baseline"
matched,D-REL1-ORIG,theta,0.02,V5,200,0,200,0,0,0,0.0000,,,"sensitivity, not a headline baseline"
matched,D-REL1-ORIG,theta,0.02,V6,200,175,165,35,0,35,17.5000,20.0000,,"sensitivity, not a headline baseline"
matched,D-REL1-ORIG,theta,0.02,violations_all,1200,945,835,365,300,665,55.4167,70.3704,,"sensitivity, not a headline baseline"
matched,D-REL1-ORIG,theta,0.02,all,2000,1745,1635,365,300,665,33.2500,38.1089,,"sensitivity, not a headline baseline"
matched,G-CERT,tau,0.2,benign,800,800,800,0,21,21,2.6250,2.6250,,
matched,G-CERT,tau,0.2,V1,160,130,30,130,0,130,81.2500,100.0000,,
matched,G-CERT,tau,0.2,V2,200,200,0,200,0,200,100.0000,100.0000,,
matched,G-CERT,tau,0.2,V3,220,220,220,0,201,201,91.3636,91.3636,,
matched,G-CERT,tau,0.2,V4,220,220,220,0,46,46,20.9091,20.9091,,
matched,G-CERT,tau,0.2,V5,200,0,200,0,7,7,3.5000,,,
matched,G-CERT,tau,0.2,V6,200,175,165,35,4,39,19.5000,22.2857,,
matched,G-CERT,tau,0.2,violations_all,1200,945,835,365,258,623,51.9167,65.1852,,
matched,G-CERT,tau,0.2,all,2000,1745,1635,365,279,644,32.2000,36.5043,,
unrestricted,D-REL1,theta,0.00164465,benign,800,800,800,0,17,17,2.1250,2.1250,,diagnostic: the best threshold under the same benign budget when the search is not restricted to the grid (off the grid); the grid point is theta = 0.02
unrestricted,D-REL1,theta,0.00164465,V1,160,130,30,130,0,130,81.2500,100.0000,,diagnostic: the best threshold under the same benign budget when the search is not restricted to the grid (off the grid); the grid point is theta = 0.02
unrestricted,D-REL1,theta,0.00164465,V2,200,200,0,200,0,200,100.0000,100.0000,,diagnostic: the best threshold under the same benign budget when the search is not restricted to the grid (off the grid); the grid point is theta = 0.02
unrestricted,D-REL1,theta,0.00164465,V3,220,220,220,0,220,220,100.0000,100.0000,,diagnostic: the best threshold under the same benign budget when the search is not restricted to the grid (off the grid); the grid point is theta = 0.02
unrestricted,D-REL1,theta,0.00164465,V4,220,220,220,0,55,55,25.0000,25.0000,,diagnostic: the best threshold under the same benign budget when the search is not restricted to the grid (off the grid); the grid point is theta = 0.02
unrestricted,D-REL1,theta,0.00164465,V5,200,0,200,0,0,0,0.0000,,,diagnostic: the best threshold under the same benign budget when the search is not restricted to the grid (off the grid); the grid point is theta = 0.02
unrestricted,D-REL1,theta,0.00164465,V6,200,175,165,35,15,50,25.0000,28.5714,,diagnostic: the best threshold under the same benign budget when the search is not restricted to the grid (off the grid); the grid point is theta = 0.02
unrestricted,D-REL1,theta,0.00164465,violations_all,1200,945,835,365,290,655,54.5833,69.3122,,diagnostic: the best threshold under the same benign budget when the search is not restricted to the grid (off the grid); the grid point is theta = 0.02
unrestricted,D-REL1,theta,0.00164465,all,2000,1745,1635,365,307,672,33.6000,38.5100,,diagnostic: the best threshold under the same benign budget when the search is not restricted to the grid (off the grid); the grid point is theta = 0.02
unrestricted,D-REL2,theta,0.00203074,benign,800,800,800,0,3,3,0.3750,0.3750,,diagnostic: the best threshold under the same benign budget when the search is not restricted to the grid (off the grid); the grid point is theta = 0.02
unrestricted,D-REL2,theta,0.00203074,V1,160,130,30,130,0,130,81.2500,100.0000,,diagnostic: the best threshold under the same benign budget when the search is not restricted to the grid (off the grid); the grid point is theta = 0.02
unrestricted,D-REL2,theta,0.00203074,V2,200,200,0,200,0,200,100.0000,100.0000,,diagnostic: the best threshold under the same benign budget when the search is not restricted to the grid (off the grid); the grid point is theta = 0.02
unrestricted,D-REL2,theta,0.00203074,V3,220,220,220,0,220,220,100.0000,100.0000,,diagnostic: the best threshold under the same benign budget when the search is not restricted to the grid (off the grid); the grid point is theta = 0.02
unrestricted,D-REL2,theta,0.00203074,V4,220,220,220,0,50,50,22.7273,22.7273,,diagnostic: the best threshold under the same benign budget when the search is not restricted to the grid (off the grid); the grid point is theta = 0.02
unrestricted,D-REL2,theta,0.00203074,V5,200,0,200,0,0,0,0.0000,,,diagnostic: the best threshold under the same benign budget when the search is not restricted to the grid (off the grid); the grid point is theta = 0.02
unrestricted,D-REL2,theta,0.00203074,V6,200,175,165,35,1,36,18.0000,20.5714,,diagnostic: the best threshold under the same benign budget when the search is not restricted to the grid (off the grid); the grid point is theta = 0.02
unrestricted,D-REL2,theta,0.00203074,violations_all,1200,945,835,365,271,636,53.0000,67.3016,,diagnostic: the best threshold under the same benign budget when the search is not restricted to the grid (off the grid); the grid point is theta = 0.02
unrestricted,D-REL2,theta,0.00203074,all,2000,1745,1635,365,274,639,31.9500,36.6189,,diagnostic: the best threshold under the same benign budget when the search is not restricted to the grid (off the grid); the grid point is theta = 0.02
unrestricted,D-ABS,A_bh,0.9556,benign,800,800,800,0,19,19,2.3750,2.3750,,diagnostic: the best threshold under the same benign budget when the search is not restricted to the grid (off the grid); the grid point is A_bh = 0.8119
unrestricted,D-ABS,A_bh,0.9556,V1,160,130,30,130,0,130,81.2500,100.0000,,diagnostic: the best threshold under the same benign budget when the search is not restricted to the grid (off the grid); the grid point is A_bh = 0.8119
unrestricted,D-ABS,A_bh,0.9556,V2,200,200,0,200,0,200,100.0000,100.0000,,diagnostic: the best threshold under the same benign budget when the search is not restricted to the grid (off the grid); the grid point is A_bh = 0.8119
unrestricted,D-ABS,A_bh,0.9556,V3,220,220,220,0,220,220,100.0000,100.0000,,diagnostic: the best threshold under the same benign budget when the search is not restricted to the grid (off the grid); the grid point is A_bh = 0.8119
unrestricted,D-ABS,A_bh,0.9556,V4,220,220,220,0,55,55,25.0000,25.0000,,diagnostic: the best threshold under the same benign budget when the search is not restricted to the grid (off the grid); the grid point is A_bh = 0.8119
unrestricted,D-ABS,A_bh,0.9556,V5,200,0,200,0,0,0,0.0000,,,diagnostic: the best threshold under the same benign budget when the search is not restricted to the grid (off the grid); the grid point is A_bh = 0.8119
unrestricted,D-ABS,A_bh,0.9556,V6,200,175,165,35,15,50,25.0000,28.5714,,diagnostic: the best threshold under the same benign budget when the search is not restricted to the grid (off the grid); the grid point is A_bh = 0.8119
unrestricted,D-ABS,A_bh,0.9556,violations_all,1200,945,835,365,290,655,54.5833,69.3122,,diagnostic: the best threshold under the same benign budget when the search is not restricted to the grid (off the grid); the grid point is A_bh = 0.8119
unrestricted,D-ABS,A_bh,0.9556,all,2000,1745,1635,365,309,674,33.7000,38.6246,,diagnostic: the best threshold under the same benign budget when the search is not restricted to the grid (off the grid); the grid point is A_bh = 0.8119
unrestricted,D-REL1-ORIG,theta,0.00147065,benign,800,800,800,0,4,4,0.5000,0.5000,,diagnostic: the best threshold under the same benign budget when the search is not restricted to the grid (off the grid); the grid point is theta = 0.02
unrestricted,D-REL1-ORIG,theta,0.00147065,V1,160,130,30,130,0,130,81.2500,100.0000,,diagnostic: the best threshold under the same benign budget when the search is not restricted to the grid (off the grid); the grid point is theta = 0.02
unrestricted,D-REL1-ORIG,theta,0.00147065,V2,200,200,0,200,0,200,100.0000,100.0000,,diagnostic: the best threshold under the same benign budget when the search is not restricted to the grid (off the grid); the grid point is theta = 0.02
unrestricted,D-REL1-ORIG,theta,0.00147065,V3,220,220,220,0,220,220,100.0000,100.0000,,diagnostic: the best threshold under the same benign budget when the search is not restricted to the grid (off the grid); the grid point is theta = 0.02
unrestricted,D-REL1-ORIG,theta,0.00147065,V4,220,220,220,0,89,89,40.4545,40.4545,,diagnostic: the best threshold under the same benign budget when the search is not restricted to the grid (off the grid); the grid point is theta = 0.02
unrestricted,D-REL1-ORIG,theta,0.00147065,V5,200,0,200,0,0,0,0.0000,,,diagnostic: the best threshold under the same benign budget when the search is not restricted to the grid (off the grid); the grid point is theta = 0.02
unrestricted,D-REL1-ORIG,theta,0.00147065,V6,200,175,165,35,1,36,18.0000,20.5714,,diagnostic: the best threshold under the same benign budget when the search is not restricted to the grid (off the grid); the grid point is theta = 0.02
unrestricted,D-REL1-ORIG,theta,0.00147065,violations_all,1200,945,835,365,310,675,56.2500,71.4286,,diagnostic: the best threshold under the same benign budget when the search is not restricted to the grid (off the grid); the grid point is theta = 0.02
unrestricted,D-REL1-ORIG,theta,0.00147065,all,2000,1745,1635,365,314,679,33.9500,38.9112,,diagnostic: the best threshold under the same benign budget when the search is not restricted to the grid (off the grid); the grid point is theta = 0.02
focus_instance,D-REL1,theta,0.02,benign@c09_storm2_w80_u100_0008,12,,,,1,1,8.3333,,0.1522,"stat = the largest value this rule thresholds on these items; the instance's own no-op schedule certifies at gap 0.2266, above tau=0.2"
focus_instance,D-REL1,theta,0.02,V3@c09_storm2_w80_u100_0008,4,,,,3,3,75.0000,,0.5248,"stat = the largest value this rule thresholds on these items; the instance's own no-op schedule certifies at gap 0.2266, above tau=0.2"
focus_instance,D-REL1,theta,0.02,V5@c09_storm2_w80_u100_0008,4,,,,0,0,0.0000,,0.0000,"stat = the largest value this rule thresholds on these items; the instance's own no-op schedule certifies at gap 0.2266, above tau=0.2"
focus_instance,D-REL2,theta,0.02,benign@c09_storm2_w80_u100_0008,12,,,,0,0,0.0000,,0.0000,"stat = the largest value this rule thresholds on these items; the instance's own no-op schedule certifies at gap 0.2266, above tau=0.2"
focus_instance,D-REL2,theta,0.02,V3@c09_storm2_w80_u100_0008,4,,,,3,3,75.0000,,0.5248,"stat = the largest value this rule thresholds on these items; the instance's own no-op schedule certifies at gap 0.2266, above tau=0.2"
focus_instance,D-REL2,theta,0.02,V5@c09_storm2_w80_u100_0008,4,,,,0,0,0.0000,,0.0000,"stat = the largest value this rule thresholds on these items; the instance's own no-op schedule certifies at gap 0.2266, above tau=0.2"
focus_instance,D-ABS,A_bh,0.8119,benign@c09_storm2_w80_u100_0008,12,,,,1,1,8.3333,,160.6668,"stat = the largest value this rule thresholds on these items; the instance's own no-op schedule certifies at gap 0.2266, above tau=0.2"
focus_instance,D-ABS,A_bh,0.8119,V3@c09_storm2_w80_u100_0008,4,,,,4,4,100.0000,,553.8500,"stat = the largest value this rule thresholds on these items; the instance's own no-op schedule certifies at gap 0.2266, above tau=0.2"
focus_instance,D-ABS,A_bh,0.8119,V5@c09_storm2_w80_u100_0008,4,,,,0,0,0.0000,,0.0000,"stat = the largest value this rule thresholds on these items; the instance's own no-op schedule certifies at gap 0.2266, above tau=0.2"
focus_instance,D-REL1-ORIG,theta,0.02,benign@c09_storm2_w80_u100_0008,12,,,,0,0,0.0000,,0.0000,"stat = the largest value this rule thresholds on these items; the instance's own no-op schedule certifies at gap 0.2266, above tau=0.2"
focus_instance,D-REL1-ORIG,theta,0.02,V3@c09_storm2_w80_u100_0008,4,,,,3,3,75.0000,,0.5248,"stat = the largest value this rule thresholds on these items; the instance's own no-op schedule certifies at gap 0.2266, above tau=0.2"
focus_instance,D-REL1-ORIG,theta,0.02,V5@c09_storm2_w80_u100_0008,4,,,,0,0,0.0000,,0.0000,"stat = the largest value this rule thresholds on these items; the instance's own no-op schedule certifies at gap 0.2266, above tau=0.2"
focus_instance,G-CERT,tau,0.2,benign@c09_storm2_w80_u100_0008,12,,,,11,11,91.6667,,0.2266,"stat = the largest value this rule thresholds on these items; the instance's own no-op schedule certifies at gap 0.2266, above tau=0.2"
focus_instance,G-CERT,tau,0.2,V3@c09_storm2_w80_u100_0008,4,,,,4,4,100.0000,,0.8703,"stat = the largest value this rule thresholds on these items; the instance's own no-op schedule certifies at gap 0.2266, above tau=0.2"
focus_instance,G-CERT,tau,0.2,V5@c09_storm2_w80_u100_0008,4,,,,4,4,100.0000,,0.2266,"stat = the largest value this rule thresholds on these items; the instance's own no-op schedule certifies at gap 0.2266, above tau=0.2"
focus_instance,D-REL1,theta,0.02,benign@c09_storm2_w80_u100_0018,11,,,,1,1,9.0909,,0.7248,"stat = the largest value this rule thresholds on these items; the instance's own no-op schedule certifies at gap 0.2867, above tau=0.2"
focus_instance,D-REL1,theta,0.02,V3@c09_storm2_w80_u100_0018,4,,,,4,4,100.0000,,1.9916,"stat = the largest value this rule thresholds on these items; the instance's own no-op schedule certifies at gap 0.2867, above tau=0.2"
focus_instance,D-REL1,theta,0.02,V5@c09_storm2_w80_u100_0018,3,,,,0,0,0.0000,,0.0000,"stat = the largest value this rule thresholds on these items; the instance's own no-op schedule certifies at gap 0.2867, above tau=0.2"
focus_instance,D-REL2,theta,0.02,benign@c09_storm2_w80_u100_0018,11,,,,0,0,0.0000,,-0.0000,"stat = the largest value this rule thresholds on these items; the instance's own no-op schedule certifies at gap 0.2867, above tau=0.2"
focus_instance,D-REL2,theta,0.02,V3@c09_storm2_w80_u100_0018,4,,,,4,4,100.0000,,1.9916,"stat = the largest value this rule thresholds on these items; the instance's own no-op schedule certifies at gap 0.2867, above tau=0.2"
focus_instance,D-REL2,theta,0.02,V5@c09_storm2_w80_u100_0018,3,,,,0,0,0.0000,,-0.0000,"stat = the largest value this rule thresholds on these items; the instance's own no-op schedule certifies at gap 0.2867, above tau=0.2"
focus_instance,D-ABS,A_bh,0.8119,benign@c09_storm2_w80_u100_0018,11,,,,1,1,9.0909,,142.3972,"stat = the largest value this rule thresholds on these items; the instance's own no-op schedule certifies at gap 0.2867, above tau=0.2"
focus_instance,D-ABS,A_bh,0.8119,V3@c09_storm2_w80_u100_0018,4,,,,4,4,100.0000,,391.2800,"stat = the largest value this rule thresholds on these items; the instance's own no-op schedule certifies at gap 0.2867, above tau=0.2"
focus_instance,D-ABS,A_bh,0.8119,V5@c09_storm2_w80_u100_0018,3,,,,0,0,0.0000,,0.0000,"stat = the largest value this rule thresholds on these items; the instance's own no-op schedule certifies at gap 0.2867, above tau=0.2"
focus_instance,D-REL1-ORIG,theta,0.02,benign@c09_storm2_w80_u100_0018,11,,,,0,0,0.0000,,0.0000,"stat = the largest value this rule thresholds on these items; the instance's own no-op schedule certifies at gap 0.2867, above tau=0.2"
focus_instance,D-REL1-ORIG,theta,0.02,V3@c09_storm2_w80_u100_0018,4,,,,4,4,100.0000,,1.9916,"stat = the largest value this rule thresholds on these items; the instance's own no-op schedule certifies at gap 0.2867, above tau=0.2"
focus_instance,D-REL1-ORIG,theta,0.02,V5@c09_storm2_w80_u100_0018,3,,,,0,0,0.0000,,0.0000,"stat = the largest value this rule thresholds on these items; the instance's own no-op schedule certifies at gap 0.2867, above tau=0.2"
focus_instance,G-CERT,tau,0.2,benign@c09_storm2_w80_u100_0018,11,,,,10,10,90.9091,,0.2867,"stat = the largest value this rule thresholds on these items; the instance's own no-op schedule certifies at gap 0.2867, above tau=0.2"
focus_instance,G-CERT,tau,0.2,V3@c09_storm2_w80_u100_0018,4,,,,4,4,100.0000,,2.8492,"stat = the largest value this rule thresholds on these items; the instance's own no-op schedule certifies at gap 0.2867, above tau=0.2"
focus_instance,G-CERT,tau,0.2,V5@c09_storm2_w80_u100_0018,3,,,,3,3,100.0000,,0.2867,"stat = the largest value this rule thresholds on these items; the instance's own no-op schedule certifies at gap 0.2867, above tau=0.2"
focus_accepted,D-REL1,theta,0.02,accepted_above_tau,50,,50,,,37,,,37,"of the 50 quality-reaching items on the two instances the guard accepts 37, and 37 of those carry an executed schedule whose own certified gap exceeds tau=0.2 (median 0.2368, max 0.2934, median absolute excess over the bound 192.6876 bh)"
focus_accepted,D-REL2,theta,0.02,accepted_above_tau,50,,50,,,41,,,37,"of the 50 quality-reaching items on the two instances the guard accepts 41, and 37 of those carry an executed schedule whose own certified gap exceeds tau=0.2 (median 0.2368, max 0.2934, median absolute excess over the bound 192.6876 bh)"
focus_accepted,D-ABS,A_bh,0.8119,accepted_above_tau,50,,50,,,35,,,35,"of the 50 quality-reaching items on the two instances the guard accepts 35, and 35 of those carry an executed schedule whose own certified gap exceeds tau=0.2 (median 0.2266, max 0.2923, median absolute excess over the bound 192.6876 bh)"
focus_accepted,D-REL1-ORIG,theta,0.02,accepted_above_tau,50,,50,,,39,,,35,"of the 50 quality-reaching items on the two instances the guard accepts 39, and 35 of those carry an executed schedule whose own certified gap exceeds tau=0.2 (median 0.2266, max 0.2934, median absolute excess over the bound 192.7972 bh)"
focus_accepted,G-CERT,tau,0.2,accepted_above_tau,50,,50,,,4,,,0,"of the 50 quality-reaching items on the two instances the guard accepts 4, and 0 of those carry an executed schedule whose own certified gap exceeds tau=0.2 (median , max , median absolute excess over the bound  bh)"
disagreement_V3,D-REL1,theta,0.02,cert_only,1,,,,,,,,0.2505,stat = median certified gap of these V3 items; median rule quantity 0.0195
disagreement_V3,D-REL1,theta,0.02,delta_only,17,,,,,,,,0.1025,stat = median certified gap of these V3 items; median rule quantity 0.1025
disagreement_V3,D-REL1,theta,0.02,both,200,,,,,,,,0.7020,stat = median certified gap of these V3 items; median rule quantity 0.6500
disagreement_V3,D-REL1,theta,0.02,neither,2,,,,,,,,0.0872,stat = median certified gap of these V3 items; median rule quantity 0.0169
disagreement_benign,D-REL1,theta,0.02,cert_only,21,,,,,,,,,benign items refused by one side only
disagreement_benign,D-REL1,theta,0.02,delta_only,12,,,,,,,,,benign items refused by one side only
disagreement_benign,D-REL1,theta,0.02,both,0,,,,,,,,,benign items refused by one side only
disagreement_V3,D-REL2,theta,0.02,cert_only,1,,,,,,,,0.2505,stat = median certified gap of these V3 items; median rule quantity 0.0195
disagreement_V3,D-REL2,theta,0.02,delta_only,17,,,,,,,,0.1025,stat = median certified gap of these V3 items; median rule quantity 0.1025
disagreement_V3,D-REL2,theta,0.02,both,200,,,,,,,,0.7020,stat = median certified gap of these V3 items; median rule quantity 0.6500
disagreement_V3,D-REL2,theta,0.02,neither,2,,,,,,,,0.0872,stat = median certified gap of these V3 items; median rule quantity 0.0169
disagreement_benign,D-REL2,theta,0.02,cert_only,21,,,,,,,,,benign items refused by one side only
disagreement_benign,D-REL2,theta,0.02,delta_only,0,,,,,,,,,benign items refused by one side only
disagreement_benign,D-REL2,theta,0.02,both,0,,,,,,,,,benign items refused by one side only
disagreement_V3,D-ABS,A_bh,0.8119,cert_only,0,,,,,,,,,stat = median certified gap of these V3 items; median rule quantity n/a
disagreement_V3,D-ABS,A_bh,0.8119,delta_only,19,,,,,,,,0.0931,stat = median certified gap of these V3 items; median rule quantity 22.5856
disagreement_V3,D-ABS,A_bh,0.8119,both,201,,,,,,,,0.6963,stat = median certified gap of these V3 items; median rule quantity 317.2712
disagreement_V3,D-ABS,A_bh,0.8119,neither,0,,,,,,,,,stat = median certified gap of these V3 items; median rule quantity n/a
disagreement_benign,D-ABS,A_bh,0.8119,cert_only,21,,,,,,,,,benign items refused by one side only
disagreement_benign,D-ABS,A_bh,0.8119,delta_only,21,,,,,,,,,benign items refused by one side only
disagreement_benign,D-ABS,A_bh,0.8119,both,0,,,,,,,,,benign items refused by one side only
disagreement_V3,D-REL1-ORIG,theta,0.02,cert_only,1,,,,,,,,0.2505,stat = median certified gap of these V3 items; median rule quantity 0.0195
disagreement_V3,D-REL1-ORIG,theta,0.02,delta_only,17,,,,,,,,0.1025,stat = median certified gap of these V3 items; median rule quantity 0.1025
disagreement_V3,D-REL1-ORIG,theta,0.02,both,200,,,,,,,,0.7020,stat = median certified gap of these V3 items; median rule quantity 0.6500
disagreement_V3,D-REL1-ORIG,theta,0.02,neither,2,,,,,,,,0.0872,stat = median certified gap of these V3 items; median rule quantity 0.0169
disagreement_benign,D-REL1-ORIG,theta,0.02,cert_only,21,,,,,,,,,benign items refused by one side only
disagreement_benign,D-REL1-ORIG,theta,0.02,delta_only,0,,,,,,,,,benign items refused by one side only
disagreement_benign,D-REL1-ORIG,theta,0.02,both,0,,,,,,,,,benign items refused by one side only
structure,,,,benign,800,,800,0,,,,,160,"stat = quality-reaching items whose counterfactual reference equals the objective by construction (a field-only proposal), so D-REL2 can never refuse them; 26 have a strictly positive D-REL1 delta and 8 a strictly positive D-REL2 delta"
structure,,,,V1,160,,30,130,,,,,30,"stat = quality-reaching items whose counterfactual reference equals the objective by construction (a field-only proposal), so D-REL2 can never refuse them; 0 have a strictly positive D-REL1 delta and 0 a strictly positive D-REL2 delta"
structure,,,,V2,200,,0,200,,,,,0,"stat = quality-reaching items whose counterfactual reference equals the objective by construction (a field-only proposal), so D-REL2 can never refuse them; 0 have a strictly positive D-REL1 delta and 0 a strictly positive D-REL2 delta"
structure,,,,V3,220,,220,0,,,,,0,"stat = quality-reaching items whose counterfactual reference equals the objective by construction (a field-only proposal), so D-REL2 can never refuse them; 220 have a strictly positive D-REL1 delta and 220 a strictly positive D-REL2 delta"
structure,,,,V4,220,,220,0,,,,,130,"stat = quality-reaching items whose counterfactual reference equals the objective by construction (a field-only proposal), so D-REL2 can never refuse them; 58 have a strictly positive D-REL1 delta and 50 a strictly positive D-REL2 delta"
structure,,,,V5,200,,200,0,,,,,200,"stat = quality-reaching items whose counterfactual reference equals the objective by construction (a field-only proposal), so D-REL2 can never refuse them; 0 have a strictly positive D-REL1 delta and 0 a strictly positive D-REL2 delta"
structure,,,,V6,200,,165,35,,,,,25,"stat = quality-reaching items whose counterfactual reference equals the objective by construction (a field-only proposal), so D-REL2 can never refuse them; 15 have a strictly positive D-REL1 delta and 1 a strictly positive D-REL2 delta"
floor,,,,zero_reference_instances,8,,,,,,,,153,"instances whose no-op weighted tardiness is exactly zero, and the items sitting on them; the max(.,1) floor is what makes a relative rule defined there: c10_replay_400_0004, c10_replay_400_0010, c10_replay_400_0013, c10_replay_400_0014, c10_replay_400_0015, c10_replay_400_0017, c10_replay_400_0018, c10_replay_400_0019"
